Workbook

Sheet Resumen
A1: Resumen — Todas las gestoras
A2: Fondos de Inversión El Salvador — Todas las gestoras | Fuente: sitios oficiales de cada gestora | datos al 2026-10-11 (actualización 2026-10-11)
A3: Fondo | B3: Tipo | C3: Inicio | D3: VC inicial (base) | E3: VC actual | F3: Fecha dato | G3: Patrimonio actual (US$) | H3: Meses | I3: Rend. acum. desde inicio | J3: Rend. anualizado (CAGR)
A4: Hencorp · FI Abierto Hencorp Opportunity | B4: Abierto | C4: 45048 | D4: 1 | E4: ='Valor cuota (fin de mes)'!DR4 | F4: 46305 | G4: ='Patrimonio (fin de mes)'!DR4 | H4: 42 | I4: =E4/D4-1 | J4: =IFERROR((E4/D4)^(365/(F4-C4))-1,"")
A5: Hencorp · FIC Renta Fija I | B5: Cerrado | C5: 45212 | D5: 1000 | E5: ='Valor cuota (fin de mes)'!DR5 | F5: 46305 | G5: ='Patrimonio (fin de mes)'!DR5 | H5: 37 | I5: =E5/D5-1 | J5: =IFERROR((E5/D5)^(365/(F5-C5))-1,"")
A6: Hencorp · FIC Inmobiliario Hencorp Growth | B6: Cerrado | C6: 45372 | D6: 1000 | E6: ='Valor cuota (fin de mes)'!DR6 | F6: 46306 | G6: ='Patrimonio (fin de mes)'!DR6 | H6: 32 | I6: =E6/D6-1 | J6: =IFERROR((E6/D6)^(365/(F6-C6))-1,"")
A7: Hencorp · FIC Desarrollo Inmob. Hencorp Vivienda 01 | B7: Cerrado | C7: 45819 | D7: 1000 | E7: ='Valor cuota (fin de mes)'!DR7 | F7: 46306 | G7: ='Patrimonio (fin de mes)'!DR7 | H7: 17 | I7: =E7/D7-1 | J7: =IFERROR((E7/D7)^(365/(F7-C7))-1,"")
A8: Hencorp · FIC Inmobiliario Hencorp Blue Whale | B8: Cerrado | C8: 45919 | D8: 1000 | E8: ='Valor cuota (fin de mes)'!DR8 | F8: 46306 | G8: ='Patrimonio (fin de mes)'!DR8 | H8: 14 | I8: =E8/D8-1 | J8: =IFERROR((E8/D8)^(365/(F8-C8))-1,"")
A9: Hencorp · FIC Inmobiliario Hencorp Commercial Properties | B9: Cerrado | C9: 46157 | D9: 1000 | E9: ='Valor cuota (fin de mes)'!DR9 | F9: 46306 | G9: ='Patrimonio (fin de mes)'!DR9 | H9: 6 | I9: =E9/D9-1 | J9: =IFERROR((E9/D9)^(365/(F9-C9))-1,"")
A10: SGB · FI Abierto Rentable Corto Plazo | B10: Abierto | C10: 42655 | D10: 1 | E10: ='Valor cuota (fin de mes)'!DR10 | F10: 46306 | G10: ='Patrimonio (fin de mes)'!DR10 | H10: 121 | I10: =E10/D10-1 | J10: =IFERROR((E10/D10)^(365/(F10-C10))-1,"")
A11: SGB · FI Abierto Plazo 180 | B11: Abierto | C11: 43201 | D11: 1 | E11: ='Valor cuota (fin de mes)'!DR11 | F11: 46306 | G11: ='Patrimonio (fin de mes)'!DR11 | H11: 103 | I11: =E11/D11-1 | J11: =IFERROR((E11/D11)^(365/(F11-C11))-1,"")
A12: Atlántida · Fondo Abierto de Liquidez | B12: Abierto | C12: 43132 | D12: 1 | E12: ='Valor cuota (fin de mes)'!DR12 | F12: 46217 | G12: ='Patrimonio (fin de mes)'!DR12 | H12: 102 | I12: =E12/D12-1 | J12: =IFERROR((E12/D12)^(365/(F12-C12))-1,"")
A13: Atlántida · Fondo de Inversion Abierto Atlantida de Renta Mixta | B13: Abierto | C13: 45957 | D13: 1 | E13: ='Valor cuota (fin de mes)'!DR13 | F13: 46217 | G13: ='Patrimonio (fin de mes)'!DR13 | H13: 10 | I13: =E13/D13-1 | J13: =IFERROR((E13/D13)^(365/(F13-C13))-1,"")
A14: Atlántida · Fondo de Inversión Abierto de Crecimiento | B14: Abierto | C14: 43216 | D14: 1 | E14: ='Valor cuota (fin de mes)'!DR14 | F14: 46217 | G14: ='Patrimonio (fin de mes)'!DR14 | H14: 100 | I14: =E14/D14-1 | J14: =IFERROR((E14/D14)^(365/(F14-C14))-1,"")
A15: Atlántida · Fondo de Inversión Cerrado Inmobiliario Atlántida Progresa + | B15: Abierto | C15: 43718 | D15: 5000 | E15: ='Valor cuota (fin de mes)'!DR15 | F15: 46217 | G15: ='Patrimonio (fin de mes)'!DR15 | H15: 83 | I15: =E15/D15-1 | J15: =IFERROR((E15/D15)^(365/(F15-C15))-1,"")

Sheet Gráficas
A1: Gráficas por fondo — patrimonio y rendimiento
A2: Fondos de Inversión El Salvador — Todas las gestoras | Fuente: sitios oficiales de cada gestora | datos al 2026-10-11 (actualización 2026-10-11) | una gráfica por fondo · cada una con su propio eje · se actualizan solas al crecer meses/días
A3: Hencorp · FI Abierto Hencorp Opportunity
A20: Hencorp · FIC Renta Fija I
A37: Hencorp · FIC Inmobiliario Hencorp Growth
A54: Hencorp · FIC Desarrollo Inmob. Hencorp Vivienda 01
A71: Hencorp · FIC Inmobiliario Hencorp Blue Whale
A88: Hencorp · FIC Inmobiliario Hencorp Commercial Properties
A105: SGB · FI Abierto Rentable Corto Plazo
A122: SGB · FI Abierto Plazo 180
A139: Atlántida · Fondo Abierto de Liquidez
A156: Atlántida · Fondo de Inversion Abierto Atlantida de Renta Mixta
... A190: Atlántida · Fondo de Inversión Cerrado Inmobiliario Atlántida Progresa +

Sheet Rendimiento mensual
A1: Rendimiento mensual
A2: Fondos de Inversión El Salvador — Todas las gestoras | Fuente: sitios oficiales de cada gestora | datos al 2026-10-11 (actualización 2026-10-11)
A3: Fondo | B3: oct-2016 | C3: nov-2016 | D3: dic-2016 | E3: ene-2017 | F3: feb-2017 | G3: mar-2017 | H3: abr-2017 | I3: may-2017 | J3: jun-2017 | K3: jul-2017 | L3: ago-2017 | M3: sep-2017 | N3: oct-2017 | O3: nov-2017 | P3: dic-2017 | Q3: ene-2018 | R3: feb-2018 | S3: mar-2018 | T3: abr-2018 | U3: may-2018 | V3: jun-2018 | W3: jul-2018 | X3: ago-2018 | Y3: sep-2018 | Z3: oct-2018 | AA3: nov-2018 | AB3: dic-2018 | AC3: ene-2019 | AD3: feb-2019 | AE3: mar-2019 | AF3: abr-2019 | AG3: may-2019 | AH3: jun-2019 | AI3: jul-2019 | AJ3: ago-2019 | AK3: sep-2019 | AL3: oct-2019 | AM3: nov-2019 | AN3: dic-2019 | AO3: ene-2020 | AP3: feb-2020 | AQ3: mar-2020 | AR3: abr-2020 | AS3: may-2020 | AT3: jun-2020 | AU3: jul-2020 | AV3: ago-2020 | AW3: sep-2020 | AX3: oct-2020 | AY3: nov-2020 | AZ3: dic-2020 | BA3: ene-2021 | BB3: feb-2021 | BC3: mar-2021 | BD3: abr-2021 | BE3: may-2021 | BF3: jun-2021 | BG3: jul-2021 | BH3: ago-2021 | BI3: sep-2021 | BJ3: oct-2021 | BK3: nov-2021 | BL3: dic-2021 | BM3: ene-2022 | BN3: feb-2022 | BO3: mar-2022 | BP3: abr-2022 | BQ3: may-2022 | BR3: jun-2022 | BS3: jul-2022 | BT3: ago-2022 | BU3: sep-2022 | BV3: oct-2022 | BW3: nov-2022 | BX3: dic-2022 | BY3: ene-2023 | BZ3: feb-2023 | CA3: mar-2023 | CB3: abr-2023 | CC3: may-2023 | CD3: jun-2023 | CE3: jul-2023 | CF3: ago-2023 | CG3: sep-2023 | CH3: oct-2023 | CI3: nov-2023 | CJ3: dic-2023 | CK3: ene-2024 | CL3: feb-2024 | CM3: mar-2024 | CN3: abr-2024 | CO3: may-2024 | CP3: jun-2024 | CQ3: jul-2024 | CR3: ago-2024 | CS3: sep-2024 | CT3: oct-2024 | CU3: nov-2024 | CV3: dic-2024 | CW3: ene-2025 | CX3: feb-2025 | CY3: mar-2025 | CZ3: abr-2025 | DA3: may-2025 | DB3: jun-2025 | DC3: jul-2025 | DD3: ago-2025 | DE3: sep-2025 | DF3: oct-2025 | DG3: nov-2025 | DH3: dic-2025 | DI3: ene-2026 | DJ3: feb-2026 | DK3: mar-2026 | DL3: abr-2026 | DM3: may-2026 | DN3: jun-2026 | DO3: jul-2026 | DP3: ago-2026 | DQ3: sep-2026 | DR3: oct-2026*
A4: Hencorp · FI Abierto Hencorp Opportunity | CC4: =IF('Valor cuota (fin de mes)'!CC4="","",'Valor cuota (fin de mes)'!CC4/'Resumen'!$D$4-1) | CD4: =IFERROR(IF(OR('Valor cuota (fin de mes)'!CD4="",'Valor cuota (fin de mes)'!CC4=""),"",'Valor cuota (fin de mes)'!CD4/'Valor cuota (fin de mes)'!CC4-1),"") | CE4: =IFERROR(IF(OR('Valor cuota (fin de mes)'!CE4="",'Valor cuota (fin de mes)'!CD4=""),"",'Valor cuota (fin de mes)'!CE4/'Valor cuota (fin de mes)'!CD4-1),"") | CF4: =IFERROR(IF(OR('Valor cuota (fin de mes)'!CF4="",'Valor cuota (fin de mes)'!CE4=""),"",'Valor cuota (fin de mes)'!CF4/'Valor cuota (fin de mes)'!CE4-1),"") | CG4: =IFERROR(IF(OR('Valor cuota (fin de mes)'!CG4="",'Valor cuota (fin de mes)'!CF4=""),"",'Valor cuota (fin de mes)'!CG4/'Valor cuota (fin de mes)'!CF4-1),"") | CH4: =IFERROR(IF(OR('Valor cuota (fin de mes)'!CH4="",'Valor cuota (fin de mes)'!CG4=""),"",'Valor cuota (fin de mes)'!CH4/'Valor cuota (fin de mes)'!CG4-1),"") | CI4: =IFERROR(IF(OR('Valor cuota (fin de mes)'!CI4="",'Valor cuota (fin de mes)'!CH4=""),"",'Valor cuota (fin de mes)'!CI4/'Valor cuota (fin de mes)'!CH4-1),"") | CJ4: =IFERROR(IF(OR('Valor cuota (fin de mes)'!CJ4="",'Valor cuota (fin de mes)'!CI4=""),"",'Valor cuota (fin de mes)'!CJ4/'Valor cuota (fin de mes)'!CI4-1),"") | CK4: =IFERROR(IF(OR('Valor cuota (fin de mes)'!CK4="",'Valor cuota (fin de mes)'!CJ4=""),"",'Valor cuota (fin de mes)'!CK4/'Valor cuota (fin de mes)'!CJ4-1),"") | ... DR4: =IFERROR(IF(OR('Valor cuota (fin de mes)'!DR4="",'Valor cuota (fin de mes)'!DQ4=""),"",'Valor cuota (fin de mes)'!DR4/'Valor cuota (fin de mes)'!DQ4-1),"")
A5: Hencorp · FIC Renta Fija I | CH5: =IF('Valor cuota (fin de mes)'!CH5="","",'Valor cuota (fin de mes)'!CH5/'Resumen'!$D$5-1) | CI5: =IFERROR(IF(OR('Valor cuota (fin de mes)'!CI5="",'Valor cuota (fin de mes)'!CH5=""),"",'Valor cuota (fin de mes)'!CI5/'Valor cuota (fin de mes)'!CH5-1),"") | CJ5: =IFERROR(IF(OR('Valor cuota (fin de mes)'!CJ5="",'Valor cuota (fin de mes)'!CI5=""),"",'Valor cuota (fin de mes)'!CJ5/'Valor cuota (fin de mes)'!CI5-1),"") | CK5: =IFERROR(IF(OR('Valor cuota (fin de mes)'!CK5="",'Valor cuota (fin de mes)'!CJ5=""),"",'Valor cuota (fin de mes)'!CK5/'Valor cuota (fin de mes)'!CJ5-1),"") | CL5: =IFERROR(IF(OR('Valor cuota (fin de mes)'!CL5="",'Valor cuota (fin de mes)'!CK5=""),"",'Valor cuota (fin de mes)'!CL5/'Valor cuota (fin de mes)'!CK5-1),"") | CM5: =IFERROR(IF(OR('Valor cuota (fin de mes)'!CM5="",'Valor cuota (fin de mes)'!CL5=""),"",'Valor cuota (fin de mes)'!CM5/'Valor cuota (fin de mes)'!CL5-1),"") | CN5: =IFERROR(IF(OR('Valor cuota (fin de mes)'!CN5="",'Valor cuota (fin de mes)'!CM5=""),"",'Valor cuota (fin de mes)'!CN5/'Valor cuota (fin de mes)'!CM5-1),"") | CO5: =IFERROR(IF(OR('Valor cuota (fin de mes)'!CO5="",'Valor cuota (fin de mes)'!CN5=""),"",'Valor cuota (fin de mes)'!CO5/'Valor cuota (fin de mes)'!CN5-1),"") | CP5: =IFERROR(IF(OR('Valor cuota (fin de mes)'!CP5="",'Valor cuota (fin de mes)'!CO5=""),"",'Valor cuota (fin de mes)'!CP5/'Valor cuota (fin de mes)'!CO5-1),"") | ... DR5: =IFERROR(IF(OR('Valor cuota (fin de mes)'!DR5="",'Valor cuota (fin de mes)'!DQ5=""),"",'Valor cuota (fin de mes)'!DR5/'Valor cuota (fin de mes)'!DQ5-1),"")
A6: Hencorp · FIC Inmobiliario Hencorp Growth | CM6: =IF('Valor cuota (fin de mes)'!CM6="","",'Valor cuota (fin de mes)'!CM6/'Resumen'!$D$6-1) | CN6: =IFERROR(IF(OR('Valor cuota (fin de mes)'!CN6="",'Valor cuota (fin de mes)'!CM6=""),"",'Valor cuota (fin de mes)'!CN6/'Valor cuota (fin de mes)'!CM6-1),"") | CO6: =IFERROR(IF(OR('Valor cuota (fin de mes)'!CO6="",'Valor cuota (fin de mes)'!CN6=""),"",'Valor cuota (fin de mes)'!CO6/'Valor cuota (fin de mes)'!CN6-1),"") | CP6: =IFERROR(IF(OR('Valor cuota (fin de mes)'!CP6="",'Valor cuota (fin de mes)'!CO6=""),"",'Valor cuota (fin de mes)'!CP6/'Valor cuota (fin de mes)'!CO6-1),"") | CQ6: =IFERROR(IF(OR('Valor cuota (fin de mes)'!CQ6="",'Valor cuota (fin de mes)'!CP6=""),"",'Valor cuota (fin de mes)'!CQ6/'Valor cuota (fin de mes)'!CP6-1),"") | CR6: =IFERROR(IF(OR('Valor cuota (fin de mes)'!CR6="",'Valor cuota (fin de mes)'!CQ6=""),"",'Valor cuota (fin de mes)'!CR6/'Valor cuota (fin de mes)'!CQ6-1),"") | CS6: =IFERROR(IF(OR('Valor cuota (fin de mes)'!CS6="",'Valor cuota (fin de mes)'!CR6=""),"",'Valor cuota (fin de mes)'!CS6/'Valor cuota (fin de mes)'!CR6-1),"") | CT6: =IFERROR(IF(OR('Valor cuota (fin de mes)'!CT6="",'Valor cuota (fin de mes)'!CS6=""),"",'Valor cuota (fin de mes)'!CT6/'Valor cuota (fin de mes)'!CS6-1),"") | CU6: =IFERROR(IF(OR('Valor cuota (fin de mes)'!CU6="",'Valor cuota (fin de mes)'!CT6=""),"",'Valor cuota (fin de mes)'!CU6/'Valor cuota (fin de mes)'!CT6-1),"") | ... DR6: =IFERROR(IF(OR('Valor cuota (fin de mes)'!DR6="",'Valor cuota (fin de mes)'!DQ6=""),"",'Valor cuota (fin de mes)'!DR6/'Valor cuota (fin de mes)'!DQ6-1),"")
A7: Hencorp · FIC Desarrollo Inmob. Hencorp Vivienda 01 | DB7: =IF('Valor cuota (fin de mes)'!DB7="","",'Valor cuota (fin de mes)'!DB7/'Resumen'!$D$7-1) | DC7: =IFERROR(IF(OR('Valor cuota (fin de mes)'!DC7="",'Valor cuota (fin de mes)'!DB7=""),"",'Valor cuota (fin de mes)'!DC7/'Valor cuota (fin de mes)'!DB7-1),"") | DD7: =IFERROR(IF(OR('Valor cuota (fin de mes)'!DD7="",'Valor cuota (fin de mes)'!DC7=""),"",'Valor cuota (fin de mes)'!DD7/'Valor cuota (fin de mes)'!DC7-1),"") | DE7: =IFERROR(IF(OR('Valor cuota (fin de mes)'!DE7="",'Valor cuota (fin de mes)'!DD7=""),"",'Valor cuota (fin de mes)'!DE7/'Valor cuota (fin de mes)'!DD7-1),"") | DF7: =IFERROR(IF(OR('Valor cuota (fin de mes)'!DF7="",'Valor cuota (fin de mes)'!DE7=""),"",'Valor cuota (fin de mes)'!DF7/'Valor cuota (fin de mes)'!DE7-1),"") | DG7: =IFERROR(IF(OR('Valor cuota (fin de mes)'!DG7="",'Valor cuota (fin de mes)'!DF7=""),"",'Valor cuota (fin de mes)'!DG7/'Valor cuota (fin de mes)'!DF7-1),"") | DH7: =IFERROR(IF(OR('Valor cuota (fin de mes)'!DH7="",'Valor cuota (fin de mes)'!DG7=""),"",'Valor cuota (fin de mes)'!DH7/'Valor cuota (fin de mes)'!DG7-1),"") | DI7: =IFERROR(IF(OR('Valor cuota (fin de mes)'!DI7="",'Valor cuota (fin de mes)'!DH7=""),"",'Valor cuota (fin de mes)'!DI7/'Valor cuota (fin de mes)'!DH7-1),"") | DJ7: =IFERROR(IF(OR('Valor cuota (fin de mes)'!DJ7="",'Valor cuota (fin de mes)'!DI7=""),"",'Valor cuota (fin de mes)'!DJ7/'Valor cuota (fin de mes)'!DI7-1),"") | ... DR7: =IFERROR(IF(OR('Valor cuota (fin de mes)'!DR7="",'Valor cuota (fin de mes)'!DQ7=""),"",'Valor cuota (fin de mes)'!DR7/'Valor cuota (fin de mes)'!DQ7-1),"")
A8: Hencorp · FIC Inmobiliario Hencorp Blue Whale | DE8: =IF('Valor cuota (fin de mes)'!DE8="","",'Valor cuota (fin de mes)'!DE8/'Resumen'!$D$8-1) | DF8: =IFERROR(IF(OR('Valor cuota (fin de mes)'!DF8="",'Valor cuota (fin de mes)'!DE8=""),"",'Valor cuota (fin de mes)'!DF8/'Valor cuota (fin de mes)'!DE8-1),"") | DG8: =IFERROR(IF(OR('Valor cuota (fin de mes)'!DG8="",'Valor cuota (fin de mes)'!DF8=""),"",'Valor cuota (fin de mes)'!DG8/'Valor cuota (fin de mes)'!DF8-1),"") | DH8: =IFERROR(IF(OR('Valor cuota (fin de mes)'!DH8="",'Valor cuota (fin de mes)'!DG8=""),"",'Valor cuota (fin de mes)'!DH8/'Valor cuota (fin de mes)'!DG8-1),"") | DI8: =IFERROR(IF(OR('Valor cuota (fin de mes)'!DI8="",'Valor cuota (fin de mes)'!DH8=""),"",'Valor cuota (fin de mes)'!DI8/'Valor cuota (fin de mes)'!DH8-1),"") | DJ8: =IFERROR(IF(OR('Valor cuota (fin de mes)'!DJ8="",'Valor cuota (fin de mes)'!DI8=""),"",'Valor cuota (fin de mes)'!DJ8/'Valor cuota (fin de mes)'!DI8-1),"") | DK8: =IFERROR(IF(OR('Valor cuota (fin de mes)'!DK8="",'Valor cuota (fin de mes)'!DJ8=""),"",'Valor cuota (fin de mes)'!DK8/'Valor cuota (fin de mes)'!DJ8-1),"") | DL8: =IFERROR(IF(OR('Valor cuota (fin de mes)'!DL8="",'Valor cuota (fin de mes)'!DK8=""),"",'Valor cuota (fin de mes)'!DL8/'Valor cuota (fin de mes)'!DK8-1),"") | DM8: =IFERROR(IF(OR('Valor cuota (fin de mes)'!DM8="",'Valor cuota (fin de mes)'!DL8=""),"",'Valor cuota (fin de mes)'!DM8/'Valor cuota (fin de mes)'!DL8-1),"") | ... DR8: =IFERROR(IF(OR('Valor cuota (fin de mes)'!DR8="",'Valor cuota (fin de mes)'!DQ8=""),"",'Valor cuota (fin de mes)'!DR8/'Valor cuota (fin de mes)'!DQ8-1),"")
A9: Hencorp · FIC Inmobiliario Hencorp Commercial Properties | DM9: =IF('Valor cuota (fin de mes)'!DM9="","",'Valor cuota (fin de mes)'!DM9/'Resumen'!$D$9-1) | DN9: =IFERROR(IF(OR('Valor cuota (fin de mes)'!DN9="",'Valor cuota (fin de mes)'!DM9=""),"",'Valor cuota (fin de mes)'!DN9/'Valor cuota (fin de mes)'!DM9-1),"") | DO9: =IFERROR(IF(OR('Valor cuota (fin de mes)'!DO9="",'Valor cuota (fin de mes)'!DN9=""),"",'Valor cuota (fin de mes)'!DO9/'Valor cuota (fin de mes)'!DN9-1),"") | DP9: =IFERROR(IF(OR('Valor cuota (fin de mes)'!DP9="",'Valor cuota (fin de mes)'!DO9=""),"",'Valor cuota (fin de mes)'!DP9/'Valor cuota (fin de mes)'!DO9-1),"") | DQ9: =IFERROR(IF(OR('Valor cuota (fin de mes)'!DQ9="",'Valor cuota (fin de mes)'!DP9=""),"",'Valor cuota (fin de mes)'!DQ9/'Valor cuota (fin de mes)'!DP9-1),"") | DR9: =IFERROR(IF(OR('Valor cuota (fin de mes)'!DR9="",'Valor cuota (fin de mes)'!DQ9=""),"",'Valor cuota (fin de mes)'!DR9/'Valor cuota (fin de mes)'!DQ9-1),"")
A10: SGB · FI Abierto Rentable Corto Plazo | B10: =IF('Valor cuota (fin de mes)'!B10="","",'Valor cuota (fin de mes)'!B10/'Resumen'!$D$10-1) | C10: =IFERROR(IF(OR('Valor cuota (fin de mes)'!C10="",'Valor cuota (fin de mes)'!B10=""),"",'Valor cuota (fin de mes)'!C10/'Valor cuota (fin de mes)'!B10-1),"") | D10: =IFERROR(IF(OR('Valor cuota (fin de mes)'!D10="",'Valor cuota (fin de mes)'!C10=""),"",'Valor cuota (fin de mes)'!D10/'Valor cuota (fin de mes)'!C10-1),"") | E10: =IFERROR(IF(OR('Valor cuota (fin de mes)'!E10="",'Valor cuota (fin de mes)'!D10=""),"",'Valor cuota (fin de mes)'!E10/'Valor cuota (fin de mes)'!D10-1),"") | F10: =IFERROR(IF(OR('Valor cuota (fin de mes)'!F10="",'Valor cuota (fin de mes)'!E10=""),"",'Valor cuota (fin de mes)'!F10/'Valor cuota (fin de mes)'!E10-1),"") | G10: =IFERROR(IF(OR('Valor cuota (fin de mes)'!G10="",'Valor cuota (fin de mes)'!F10=""),"",'Valor cuota (fin de mes)'!G10/'Valor cuota (fin de mes)'!F10-1),"") | H10: =IFERROR(IF(OR('Valor cuota (fin de mes)'!H10="",'Valor cuota (fin de mes)'!G10=""),"",'Valor cuota (fin de mes)'!H10/'Valor cuota (fin de mes)'!G10-1),"") | I10: =IFERROR(IF(OR('Valor cuota (fin de mes)'!I10="",'Valor cuota (fin de mes)'!H10=""),"",'Valor cuota (fin de mes)'!I10/'Valor cuota (fin de mes)'!H10-1),"") | J10: =IFERROR(IF(OR('Valor cuota (fin de mes)'!J10="",'Valor cuota (fin de mes)'!I10=""),"",'Valor cuota (fin de mes)'!J10/'Valor cuota (fin de mes)'!I10-1),"") | ... DR10: =IFERROR(IF(OR('Valor cuota (fin de mes)'!DR10="",'Valor cuota (fin de mes)'!DQ10=""),"",'Valor cuota (fin de mes)'!DR10/'Valor cuota (fin de mes)'!DQ10-1),"")
A11: SGB · FI Abierto Plazo 180 | T11: =IF('Valor cuota (fin de mes)'!T11="","",'Valor cuota (fin de mes)'!T11/'Resumen'!$D$11-1) | U11: =IFERROR(IF(OR('Valor cuota (fin de mes)'!U11="",'Valor cuota (fin de mes)'!T11=""),"",'Valor cuota (fin de mes)'!U11/'Valor cuota (fin de mes)'!T11-1),"") | V11: =IFERROR(IF(OR('Valor cuota (fin de mes)'!V11="",'Valor cuota (fin de mes)'!U11=""),"",'Valor cuota (fin de mes)'!V11/'Valor cuota (fin de mes)'!U11-1),"") | W11: =IFERROR(IF(OR('Valor cuota (fin de mes)'!W11="",'Valor cuota (fin de mes)'!V11=""),"",'Valor cuota (fin de mes)'!W11/'Valor cuota (fin de mes)'!V11-1),"") | X11: =IFERROR(IF(OR('Valor cuota (fin de mes)'!X11="",'Valor cuota (fin de mes)'!W11=""),"",'Valor cuota (fin de mes)'!X11/'Valor cuota (fin de mes)'!W11-1),"") | Y11: =IFERROR(IF(OR('Valor cuota (fin de mes)'!Y11="",'Valor cuota (fin de mes)'!X11=""),"",'Valor cuota (fin de mes)'!Y11/'Valor cuota (fin de mes)'!X11-1),"") | Z11: =IFERROR(IF(OR('Valor cuota (fin de mes)'!Z11="",'Valor cuota (fin de mes)'!Y11=""),"",'Valor cuota (fin de mes)'!Z11/'Valor cuota (fin de mes)'!Y11-1),"") | AA11: =IFERROR(IF(OR('Valor cuota (fin de mes)'!AA11="",'Valor cuota (fin de mes)'!Z11=""),"",'Valor cuota (fin de mes)'!AA11/'Valor cuota (fin de mes)'!Z11-1),"") | AB11: =IFERROR(IF(OR('Valor cuota (fin de mes)'!AB11="",'Valor cuota (fin de mes)'!AA11=""),"",'Valor cuota (fin de mes)'!AB11/'Valor cuota (fin de mes)'!AA11-1),"") | ... DR11: =IFERROR(IF(OR('Valor cuota (fin de mes)'!DR11="",'Valor cuota (fin de mes)'!DQ11=""),"",'Valor cuota (fin de mes)'!DR11/'Valor cuota (fin de mes)'!DQ11-1),"")
A12: Atlántida · Fondo Abierto de Liquidez | R12: =IF('Valor cuota (fin de mes)'!R12="","",'Valor cuota (fin de mes)'!R12/'Resumen'!$D$12-1) | S12: =IFERROR(IF(OR('Valor cuota (fin de mes)'!S12="",'Valor cuota (fin de mes)'!R12=""),"",'Valor cuota (fin de mes)'!S12/'Valor cuota (fin de mes)'!R12-1),"") | T12: =IFERROR(IF(OR('Valor cuota (fin de mes)'!T12="",'Valor cuota (fin de mes)'!S12=""),"",'Valor cuota (fin de mes)'!T12/'Valor cuota (fin de mes)'!S12-1),"") | U12: =IFERROR(IF(OR('Valor cuota (fin de mes)'!U12="",'Valor cuota (fin de mes)'!T12=""),"",'Valor cuota (fin de mes)'!U12/'Valor cuota (fin de mes)'!T12-1),"") | V12: =IFERROR(IF(OR('Valor cuota (fin de mes)'!V12="",'Valor cuota (fin de mes)'!U12=""),"",'Valor cuota (fin de mes)'!V12/'Valor cuota (fin de mes)'!U12-1),"") | W12: =IFERROR(IF(OR('Valor cuota (fin de mes)'!W12="",'Valor cuota (fin de mes)'!V12=""),"",'Valor cuota (fin de mes)'!W12/'Valor cuota (fin de mes)'!V12-1),"") | X12: =IFERROR(IF(OR('Valor cuota (fin de mes)'!X12="",'Valor cuota (fin de mes)'!W12=""),"",'Valor cuota (fin de mes)'!X12/'Valor cuota (fin de mes)'!W12-1),"") | Y12: =IFERROR(IF(OR('Valor cuota (fin de mes)'!Y12="",'Valor cuota (fin de mes)'!X12=""),"",'Valor cuota (fin de mes)'!Y12/'Valor cuota (fin de mes)'!X12-1),"") | Z12: =IFERROR(IF(OR('Valor cuota (fin de mes)'!Z12="",'Valor cuota (fin de mes)'!Y12=""),"",'Valor cuota (fin de mes)'!Z12/'Valor cuota (fin de mes)'!Y12-1),"") | ... DO12: =IFERROR(IF(OR('Valor cuota (fin de mes)'!DO12="",'Valor cuota (fin de mes)'!DN12=""),"",'Valor cuota (fin de mes)'!DO12/'Valor cuota (fin de mes)'!DN12-1),"")
A13: Atlántida · Fondo de Inversion Abierto Atlantida de Renta Mixta | DF13: =IF('Valor cuota (fin de mes)'!DF13="","",'Valor cuota (fin de mes)'!DF13/'Resumen'!$D$13-1) | DG13: =IFERROR(IF(OR('Valor cuota (fin de mes)'!DG13="",'Valor cuota (fin de mes)'!DF13=""),"",'Valor cuota (fin de mes)'!DG13/'Valor cuota (fin de mes)'!DF13-1),"") | DH13: =IFERROR(IF(OR('Valor cuota (fin de mes)'!DH13="",'Valor cuota (fin de mes)'!DG13=""),"",'Valor cuota (fin de mes)'!DH13/'Valor cuota (fin de mes)'!DG13-1),"") | DI13: =IFERROR(IF(OR('Valor cuota (fin de mes)'!DI13="",'Valor cuota (fin de mes)'!DH13=""),"",'Valor cuota (fin de mes)'!DI13/'Valor cuota (fin de mes)'!DH13-1),"") | DJ13: =IFERROR(IF(OR('Valor cuota (fin de mes)'!DJ13="",'Valor cuota (fin de mes)'!DI13=""),"",'Valor cuota (fin de mes)'!DJ13/'Valor cuota (fin de mes)'!DI13-1),"") | DK13: =IFERROR(IF(OR('Valor cuota (fin de mes)'!DK13="",'Valor cuota (fin de mes)'!DJ13=""),"",'Valor cuota (fin de mes)'!DK13/'Valor cuota (fin de mes)'!DJ13-1),"") | DL13: =IFERROR(IF(OR('Valor cuota (fin de mes)'!DL13="",'Valor cuota (fin de mes)'!DK13=""),"",'Valor cuota (fin de mes)'!DL13/'Valor cuota (fin de mes)'!DK13-1),"") | DM13: =IFERROR(IF(OR('Valor cuota (fin de mes)'!DM13="",'Valor cuota (fin de mes)'!DL13=""),"",'Valor cuota (fin de mes)'!DM13/'Valor cuota (fin de mes)'!DL13-1),"") | DN13: =IFERROR(IF(OR('Valor cuota (fin de mes)'!DN13="",'Valor cuota (fin de mes)'!DM13=""),"",'Valor cuota (fin de mes)'!DN13/'Valor cuota (fin de mes)'!DM13-1),"") | DO13: =IFERROR(IF(OR('Valor cuota (fin de mes)'!DO13="",'Valor cuota (fin de mes)'!DN13=""),"",'Valor cuota (fin de mes)'!DO13/'Valor cuota (fin de mes)'!DN13-1),"")
A14: Atlántida · Fondo de Inversión Abierto de Crecimiento | T14: =IF('Valor cuota (fin de mes)'!T14="","",'Valor cuota (fin de mes)'!T14/'Resumen'!$D$14-1) | U14: =IFERROR(IF(OR('Valor cuota (fin de mes)'!U14="",'Valor cuota (fin de mes)'!T14=""),"",'Valor cuota (fin de mes)'!U14/'Valor cuota (fin de mes)'!T14-1),"") | V14: =IFERROR(IF(OR('Valor cuota (fin de mes)'!V14="",'Valor cuota (fin de mes)'!U14=""),"",'Valor cuota (fin de mes)'!V14/'Valor cuota (fin de mes)'!U14-1),"") | W14: =IFERROR(IF(OR('Valor cuota (fin de mes)'!W14="",'Valor cuota (fin de mes)'!V14=""),"",'Valor cuota (fin de mes)'!W14/'Valor cuota (fin de mes)'!V14-1),"") | X14: =IFERROR(IF(OR('Valor cuota (fin de mes)'!X14="",'Valor cuota (fin de mes)'!W14=""),"",'Valor cuota (fin de mes)'!X14/'Valor cuota (fin de mes)'!W14-1),"") | Y14: =IFERROR(IF(OR('Valor cuota (fin de mes)'!Y14="",'Valor cuota (fin de mes)'!X14=""),"",'Valor cuota (fin de mes)'!Y14/'Valor cuota (fin de mes)'!X14-1),"") | Z14: =IFERROR(IF(OR('Valor cuota (fin de mes)'!Z14="",'Valor cuota (fin de mes)'!Y14=""),"",'Valor cuota (fin de mes)'!Z14/'Valor cuota (fin de mes)'!Y14-1),"") | AA14: =IFERROR(IF(OR('Valor cuota (fin de mes)'!AA14="",'Valor cuota (fin de mes)'!Z14=""),"",'Valor cuota (fin de mes)'!AA14/'Valor cuota (fin de mes)'!Z14-1),"") | AB14: =IFERROR(IF(OR('Valor cuota (fin de mes)'!AB14="",'Valor cuota (fin de mes)'!AA14=""),"",'Valor cuota (fin de mes)'!AB14/'Valor cuota (fin de mes)'!AA14-1),"") | ... DO14: =IFERROR(IF(OR('Valor cuota (fin de mes)'!DO14="",'Valor cuota (fin de mes)'!DN14=""),"",'Valor cuota (fin de mes)'!DO14/'Valor cuota (fin de mes)'!DN14-1),"")
A15: Atlántida · Fondo de Inversión Cerrado Inmobiliario Atlántida Progresa + | AK15: =IF('Valor cuota (fin de mes)'!AK15="","",'Valor cuota (fin de mes)'!AK15/'Resumen'!$D$15-1) | AL15: =IFERROR(IF(OR('Valor cuota (fin de mes)'!AL15="",'Valor cuota (fin de mes)'!AK15=""),"",'Valor cuota (fin de mes)'!AL15/'Valor cuota (fin de mes)'!AK15-1),"") | AM15: =IFERROR(IF(OR('Valor cuota (fin de mes)'!AM15="",'Valor cuota (fin de mes)'!AL15=""),"",'Valor cuota (fin de mes)'!AM15/'Valor cuota (fin de mes)'!AL15-1),"") | AN15: =IFERROR(IF(OR('Valor cuota (fin de mes)'!AN15="",'Valor cuota (fin de mes)'!AM15=""),"",'Valor cuota (fin de mes)'!AN15/'Valor cuota (fin de mes)'!AM15-1),"") | AO15: =IFERROR(IF(OR('Valor cuota (fin de mes)'!AO15="",'Valor cuota (fin de mes)'!AN15=""),"",'Valor cuota (fin de mes)'!AO15/'Valor cuota (fin de mes)'!AN15-1),"") | AP15: =IFERROR(IF(OR('Valor cuota (fin de mes)'!AP15="",'Valor cuota (fin de mes)'!AO15=""),"",'Valor cuota (fin de mes)'!AP15/'Valor cuota (fin de mes)'!AO15-1),"") | AQ15: =IFERROR(IF(OR('Valor cuota (fin de mes)'!AQ15="",'Valor cuota (fin de mes)'!AP15=""),"",'Valor cuota (fin de mes)'!AQ15/'Valor cuota (fin de mes)'!AP15-1),"") | AR15: =IFERROR(IF(OR('Valor cuota (fin de mes)'!AR15="",'Valor cuota (fin de mes)'!AQ15=""),"",'Valor cuota (fin de mes)'!AR15/'Valor cuota (fin de mes)'!AQ15-1),"") | AS15: =IFERROR(IF(OR('Valor cuota (fin de mes)'!AS15="",'Valor cuota (fin de mes)'!AR15=""),"",'Valor cuota (fin de mes)'!AS15/'Valor cuota (fin de mes)'!AR15-1),"") | ... DO15: =IFERROR(IF(OR('Valor cuota (fin de mes)'!DO15="",'Valor cuota (fin de mes)'!DN15=""),"",'Valor cuota (fin de mes)'!DO15/'Valor cuota (fin de mes)'!DN15-1),"")

Sheet Cierre 31-dic (mensual)
A1: Cierre 31-dic (mensual)
A2: Rendimiento del mes de diciembre de cada año (mismo indicador que la hoja mensual). El año en curso = ultimo mes disponible (parcial)
A3: Fondo | B3: 2016 | C3: 2017 | D3: 2018 | E3: 2019 | F3: 2020 | G3: 2021 | H3: 2022 | I3: 2023 | J3: 2024 | K3: 2025 | L3: 2026 (YTD)
A4: Hencorp · FI Abierto Hencorp Opportunity | I4: ='Rendimiento mensual'!CJ4 | J4: ='Rendimiento mensual'!CV4 | K4: ='Rendimiento mensual'!DH4 | L4: ='Rendimiento mensual'!DR4
A5: Hencorp · FIC Renta Fija I | I5: ='Rendimiento mensual'!CJ5 | J5: ='Rendimiento mensual'!CV5 | K5: ='Rendimiento mensual'!DH5 | L5: ='Rendimiento mensual'!DR5
A6: Hencorp · FIC Inmobiliario Hencorp Growth | J6: ='Rendimiento mensual'!CV6 | K6: ='Rendimiento mensual'!DH6 | L6: ='Rendimiento mensual'!DR6
A7: Hencorp · FIC Desarrollo Inmob. Hencorp Vivienda 01 | K7: ='Rendimiento mensual'!DH7 | L7: ='Rendimiento mensual'!DR7
A8: Hencorp · FIC Inmobiliario Hencorp Blue Whale | K8: ='Rendimiento mensual'!DH8 | L8: ='Rendimiento mensual'!DR8
A9: Hencorp · FIC Inmobiliario Hencorp Commercial Properties | L9: ='Rendimiento mensual'!DR9
A10: SGB · FI Abierto Rentable Corto Plazo | B10: ='Rendimiento mensual'!D10 | C10: ='Rendimiento mensual'!P10 | D10: ='Rendimiento mensual'!AB10 | E10: ='Rendimiento mensual'!AN10 | F10: ='Rendimiento mensual'!AZ10 | G10: ='Rendimiento mensual'!BL10 | H10: ='Rendimiento mensual'!BX10 | I10: ='Rendimiento mensual'!CJ10 | J10: ='Rendimiento mensual'!CV10 | K10: ='Rendimiento mensual'!DH10 | L10: ='Rendimiento mensual'!DR10
A11: SGB · FI Abierto Plazo 180 | D11: ='Rendimiento mensual'!AB11 | E11: ='Rendimiento mensual'!AN11 | F11: ='Rendimiento mensual'!AZ11 | G11: ='Rendimiento mensual'!BL11 | H11: ='Rendimiento mensual'!BX11 | I11: ='Rendimiento mensual'!CJ11 | J11: ='Rendimiento mensual'!CV11 | K11: ='Rendimiento mensual'!DH11 | L11: ='Rendimiento mensual'!DR11
A12: Atlántida · Fondo Abierto de Liquidez | D12: ='Rendimiento mensual'!AB12 | E12: ='Rendimiento mensual'!AN12 | F12: ='Rendimiento mensual'!AZ12 | G12: ='Rendimiento mensual'!BL12 | H12: ='Rendimiento mensual'!BX12 | I12: ='Rendimiento mensual'!CJ12 | J12: ='Rendimiento mensual'!CV12 | K12: ='Rendimiento mensual'!DH12
A13: Atlántida · Fondo de Inversion Abierto Atlantida de Renta Mixta | K13: ='Rendimiento mensual'!DH13
A14: Atlántida · Fondo de Inversión Abierto de Crecimiento | D14: ='Rendimiento mensual'!AB14 | E14: ='Rendimiento mensual'!AN14 | F14: ='Rendimiento mensual'!AZ14 | G14: ='Rendimiento mensual'!BL14 | H14: ='Rendimiento mensual'!BX14 | I14: ='Rendimiento mensual'!CJ14 | J14: ='Rendimiento mensual'!CV14 | K14: ='Rendimiento mensual'!DH14
A15: Atlántida · Fondo de Inversión Cerrado Inmobiliario Atlántida Progresa + | E15: ='Rendimiento mensual'!AN15 | F15: ='Rendimiento mensual'!AZ15 | G15: ='Rendimiento mensual'!BL15 | H15: ='Rendimiento mensual'!BX15 | I15: ='Rendimiento mensual'!CJ15 | J15: ='Rendimiento mensual'!CV15 | K15: ='Rendimiento mensual'!DH15

Sheet Rendimiento anual
A1: Rendimiento anual
A2: Rendimiento ANUAL (ene–dic) desde la cuota. Año de lanzamiento = desde la base; el año en curso = YTD (parcial)
A3: Fondo | B3: 2016 | C3: 2017 | D3: 2018 | E3: 2019 | F3: 2020 | G3: 2021 | H3: 2022 | I3: 2023 | J3: 2024 | K3: 2025 | L3: 2026 (YTD)
A4: Hencorp · FI Abierto Hencorp Opportunity | I4: =IFERROR('Valor cuota (fin de mes)'!CJ4/'Resumen'!$D$4-1,"") | J4: =IFERROR('Valor cuota (fin de mes)'!CV4/'Valor cuota (fin de mes)'!CJ4-1,"") | K4: =IFERROR('Valor cuota (fin de mes)'!DH4/'Valor cuota (fin de mes)'!CV4-1,"") | L4: =IFERROR('Valor cuota (fin de mes)'!DR4/'Valor cuota (fin de mes)'!DH4-1,"")
A5: Hencorp · FIC Renta Fija I | I5: =IFERROR('Valor cuota (fin de mes)'!CJ5/'Resumen'!$D$5-1,"") | J5: =IFERROR('Valor cuota (fin de mes)'!CV5/'Valor cuota (fin de mes)'!CJ5-1,"") | K5: =IFERROR('Valor cuota (fin de mes)'!DH5/'Valor cuota (fin de mes)'!CV5-1,"") | L5: =IFERROR('Valor cuota (fin de mes)'!DR5/'Valor cuota (fin de mes)'!DH5-1,"")
A6: Hencorp · FIC Inmobiliario Hencorp Growth | J6: =IFERROR('Valor cuota (fin de mes)'!CV6/'Resumen'!$D$6-1,"") | K6: =IFERROR('Valor cuota (fin de mes)'!DH6/'Valor cuota (fin de mes)'!CV6-1,"") | L6: =IFERROR('Valor cuota (fin de mes)'!DR6/'Valor cuota (fin de mes)'!DH6-1,"")
A7: Hencorp · FIC Desarrollo Inmob. Hencorp Vivienda 01 | K7: =IFERROR('Valor cuota (fin de mes)'!DH7/'Resumen'!$D$7-1,"") | L7: =IFERROR('Valor cuota (fin de mes)'!DR7/'Valor cuota (fin de mes)'!DH7-1,"")
A8: Hencorp · FIC Inmobiliario Hencorp Blue Whale | K8: =IFERROR('Valor cuota (fin de mes)'!DH8/'Resumen'!$D$8-1,"") | L8: =IFERROR('Valor cuota (fin de mes)'!DR8/'Valor cuota (fin de mes)'!DH8-1,"")
A9: Hencorp · FIC Inmobiliario Hencorp Commercial Properties | L9: =IFERROR('Valor cuota (fin de mes)'!DR9/'Resumen'!$D$9-1,"")
A10: SGB · FI Abierto Rentable Corto Plazo | B10: =IFERROR('Valor cuota (fin de mes)'!D10/'Resumen'!$D$10-1,"") | C10: =IFERROR('Valor cuota (fin de mes)'!P10/'Valor cuota (fin de mes)'!D10-1,"") | D10: =IFERROR('Valor cuota (fin de mes)'!AB10/'Valor cuota (fin de mes)'!P10-1,"") | E10: =IFERROR('Valor cuota (fin de mes)'!AN10/'Valor cuota (fin de mes)'!AB10-1,"") | F10: =IFERROR('Valor cuota (fin de mes)'!AZ10/'Valor cuota (fin de mes)'!AN10-1,"") | G10: =IFERROR('Valor cuota (fin de mes)'!BL10/'Valor cuota (fin de mes)'!AZ10-1,"") | H10: =IFERROR('Valor cuota (fin de mes)'!BX10/'Valor cuota (fin de mes)'!BL10-1,"") | I10: =IFERROR('Valor cuota (fin de mes)'!CJ10/'Valor cuota (fin de mes)'!BX10-1,"") | J10: =IFERROR('Valor cuota (fin de mes)'!CV10/'Valor cuota (fin de mes)'!CJ10-1,"") | K10: =IFERROR('Valor cuota (fin de mes)'!DH10/'Valor cuota (fin de mes)'!CV10-1,"") | L10: =IFERROR('Valor cuota (fin de mes)'!DR10/'Valor cuota (fin de mes)'!DH10-1,"")
A11: SGB · FI Abierto Plazo 180 | D11: =IFERROR('Valor cuota (fin de mes)'!AB11/'Resumen'!$D$11-1,"") | E11: =IFERROR('Valor cuota (fin de mes)'!AN11/'Valor cuota (fin de mes)'!AB11-1,"") | F11: =IFERROR('Valor cuota (fin de mes)'!AZ11/'Valor cuota (fin de mes)'!AN11-1,"") | G11: =IFERROR('Valor cuota (fin de mes)'!BL11/'Valor cuota (fin de mes)'!AZ11-1,"") | H11: =IFERROR('Valor cuota (fin de mes)'!BX11/'Valor cuota (fin de mes)'!BL11-1,"") | I11: =IFERROR('Valor cuota (fin de mes)'!CJ11/'Valor cuota (fin de mes)'!BX11-1,"") | J11: =IFERROR('Valor cuota (fin de mes)'!CV11/'Valor cuota (fin de mes)'!CJ11-1,"") | K11: =IFERROR('Valor cuota (fin de mes)'!DH11/'Valor cuota (fin de mes)'!CV11-1,"") | L11: =IFERROR('Valor cuota (fin de mes)'!DR11/'Valor cuota (fin de mes)'!DH11-1,"")
A12: Atlántida · Fondo Abierto de Liquidez | D12: =IFERROR('Valor cuota (fin de mes)'!AB12/'Resumen'!$D$12-1,"") | E12: =IFERROR('Valor cuota (fin de mes)'!AN12/'Valor cuota (fin de mes)'!AB12-1,"") | F12: =IFERROR('Valor cuota (fin de mes)'!AZ12/'Valor cuota (fin de mes)'!AN12-1,"") | G12: =IFERROR('Valor cuota (fin de mes)'!BL12/'Valor cuota (fin de mes)'!AZ12-1,"") | H12: =IFERROR('Valor cuota (fin de mes)'!BX12/'Valor cuota (fin de mes)'!BL12-1,"") | I12: =IFERROR('Valor cuota (fin de mes)'!CJ12/'Valor cuota (fin de mes)'!BX12-1,"") | J12: =IFERROR('Valor cuota (fin de mes)'!CV12/'Valor cuota (fin de mes)'!CJ12-1,"") | K12: =IFERROR('Valor cuota (fin de mes)'!DH12/'Valor cuota (fin de mes)'!CV12-1,"")
A13: Atlántida · Fondo de Inversion Abierto Atlantida de Renta Mixta | K13: =IFERROR('Valor cuota (fin de mes)'!DH13/'Resumen'!$D$13-1,"")
A14: Atlántida · Fondo de Inversión Abierto de Crecimiento | D14: =IFERROR('Valor cuota (fin de mes)'!AB14/'Resumen'!$D$14-1,"") | E14: =IFERROR('Valor cuota (fin de mes)'!AN14/'Valor cuota (fin de mes)'!AB14-1,"") | F14: =IFERROR('Valor cuota (fin de mes)'!AZ14/'Valor cuota (fin de mes)'!AN14-1,"") | G14: =IFERROR('Valor cuota (fin de mes)'!BL14/'Valor cuota (fin de mes)'!AZ14-1,"") | H14: =IFERROR('Valor cuota (fin de mes)'!BX14/'Valor cuota (fin de mes)'!BL14-1,"") | I14: =IFERROR('Valor cuota (fin de mes)'!CJ14/'Valor cuota (fin de mes)'!BX14-1,"") | J14: =IFERROR('Valor cuota (fin de mes)'!CV14/'Valor cuota (fin de mes)'!CJ14-1,"") | K14: =IFERROR('Valor cuota (fin de mes)'!DH14/'Valor cuota (fin de mes)'!CV14-1,"")
A15: Atlántida · Fondo de Inversión Cerrado Inmobiliario Atlántida Progresa + | E15: =IFERROR('Valor cuota (fin de mes)'!AN15/'Resumen'!$D$15-1,"") | F15: =IFERROR('Valor cuota (fin de mes)'!AZ15/'Valor cuota (fin de mes)'!AN15-1,"") | G15: =IFERROR('Valor cuota (fin de mes)'!BL15/'Valor cuota (fin de mes)'!AZ15-1,"") | H15: =IFERROR('Valor cuota (fin de mes)'!BX15/'Valor cuota (fin de mes)'!BL15-1,"") | I15: =IFERROR('Valor cuota (fin de mes)'!CJ15/'Valor cuota (fin de mes)'!BX15-1,"") | J15: =IFERROR('Valor cuota (fin de mes)'!CV15/'Valor cuota (fin de mes)'!CJ15-1,"") | K15: =IFERROR('Valor cuota (fin de mes)'!DH15/'Valor cuota (fin de mes)'!CV15-1,"")

Sheet Diario
A1: Detalle diario — 12 fondos de inversión
A2: Fondos de Inversión El Salvador — Todas las gestoras | Fuente: sitios oficiales de cada gestora | datos al 2026-10-11 (actualización 2026-10-11) | una fila por día · lo más reciente arriba · se actualiza a diario
A3: Fecha | B3: Hencorp · Abierto Hencorp Opportunity | E3: Hencorp · Renta Fija I | H3: Hencorp · Inmobiliario Hencorp Growth | K3: Hencorp · Desarrollo Inmob. Hencorp Vivienda 01 | N3: Hencorp · Inmobiliario Hencorp Blue Whale | Q3: Hencorp · Inmobiliario Hencorp Commercial Properties | T3: SGB · Abierto Rentable Corto Plazo | W3: SGB · Abierto Plazo 180 | Z3: Atlántida · Fondo Abierto de Liquidez | AC3: Atlántida · Fondo de Inversion Abierto Atlantida de Renta Mixta | AF3: Atlántida · Fondo de Inversión Abierto de Crecimiento | AI3: Atlántida · Fondo de Inversión Cerrado Inmobiliario Atlántida Progresa +
B4: Valor cuota | C4: Rend. diario | D4: Patrimonio | E4: Valor cuota | F4: Rend. diario | G4: Patrimonio | H4: Valor cuota | I4: Rend. diario | J4: Patrimonio | K4: Valor cuota | L4: Rend. diario | M4: Patrimonio | N4: Valor cuota | O4: Rend. diario | P4: Patrimonio | Q4: Valor cuota | R4: Rend. diario | S4: Patrimonio | T4: Valor cuota | U4: Rend. diario | V4: Patrimonio | W4: Valor cuota | X4: Rend. diario | Y4: Patrimonio | Z4: Valor cuota | AA4: Rend. diario | AB4: Patrimonio | AC4: Valor cuota | AD4: Rend. diario | AE4: Patrimonio | AF4: Valor cuota | AG4: Rend. diario | AH4: Patrimonio | AI4: Valor cuota | AJ4: Rend. diario | AK4: Patrimonio
A5: 46306 | H5: 1245.9946 | I5: 0.000112 | J5: 30636516 | K5: 1171.9346 | L5: -4.4e-05 | M5: 18624385 | N5: 1012.9144 | O5: 0.000101 | P5: 9976194.1 | Q5: 1053.7491 | R5: 0.000304 | S5: 13646050 | T5: 1.4209956 | U5: 0.000112 | V5: 89242967 | W5: 1.5810436 | X5: 0.000147 | Y5: 39306328
A6: 46305 | B6: 1.1915885 | C6: 0.000129 | D6: 2.5994886e+08 | E6: 1052.6451 | F6: 0.000234 | G6: 6.8920467e+08 | H6: 1245.8547 | I6: 0.000112 | J6: 30633075 | K6: 1171.9856 | L6: -4.4e-05 | M6: 18625195 | N6: 1012.8125 | O6: 0.000101 | P6: 9975190.7 | Q6: 1053.4289 | R6: 0.000304 | S6: 13641904 | T6: 1.420837 | U6: 0.000112 | V6: 89233007 | W6: 1.5808106 | X6: 0.000147 | Y6: 39470504
A7: 46304 | B7: 1.1914348 | C7: 0.000141 | D7: 2.58886e+08 | E7: 1052.3986 | F7: 0.000234 | G7: 6.8904328e+08 | H7: 1245.7147 | I7: 0.000112 | J7: 30629633 | K7: 1172.0366 | L7: -4.4e-05 | M7: 18626006 | N7: 1012.7107 | O7: 0.000101 | P7: 9974187.3 | Q7: 1053.1087 | R7: 0.000304 | S7: 13637758 | T7: 1.4206784 | U7: 0.000112 | V7: 89223050 | W7: 1.5805781 | X7: 0.000147 | Y7: 39544098
A8: 46303 | B8: 1.1912664 | C8: 0.000125 | D8: 2.4113183e+08 | E8: 1052.1525 | F8: 0.000234 | G8: 6.8888215e+08 | H8: 1245.5748 | I8: 0.000112 | J8: 30626192 | K8: 1172.0876 | L8: -7.5e-05 | M8: 18626816 | N8: 1012.6088 | O8: 0.000101 | P8: 9973183.8 | Q8: 1052.7886 | R8: 0.000304 | S8: 13633612 | T8: 1.4205198 | U8: 0.000111 | V8: 89157035 | W8: 1.5803452 | X8: 0.000148 | Y8: 39469167
A9: 46302 | B9: 1.1911176 | C9: 0.000131 | D9: 2.4060634e+08 | E9: 1051.9063 | F9: 0.000234 | G9: 6.8872089e+08 | H9: 1245.4348 | I9: 0.000112 | J9: 30622751 | K9: 1172.1749 | L9: -4.1e-05 | M9: 18628204 | N9: 1012.5069 | O9: 0.000101 | P9: 9972180.3 | Q9: 1052.4684 | R9: 0.000304 | S9: 13629466 | T9: 1.4203615 | U9: 0.000111 | V9: 89320795 | W9: 1.5801121 | X9: 0.000157 | Y9: 39459929
A10: 46301 | B10: 1.1909616 | C10: 0.000129 | D10: 2.3955414e+08 | E10: 1051.6597 | F10: 0.000234 | G10: 688559476 | H10: 1245.2948 | I10: 0.000117 | J10: 30619310 | K10: 1172.2227 | L10: -4.1e-05 | M10: 18628963 | N10: 1012.405 | O10: 0.000101 | P10: 9971176.7 | Q10: 1052.1482 | R10: 0.000304 | S10: 13625320 | T10: 1.4202043 | U10: 0.000111 | V10: 91855587 | W10: 1.5798642 | X10: 0.000148 | Y10: 39464496
A11: 46300 | B11: 1.1908078 | C11: 0.000129 | D11: 2.3889229e+08 | E11: 1051.4134 | F11: 0.000233 | G11: 6.8839818e+08 | H11: 1245.1493 | I11: 0.000117 | J11: 30615731 | K11: 1172.2705 | L11: -0.000203 | M11: 18629722 | N11: 1012.3031 | O11: 0.000101 | P11: 9970173.1 | Q11: 1051.8281 | R11: 0.000304 | S11: 13621173 | T11: 1.4200464 | U11: 0.000111 | V11: 91707160 | W11: 1.5796309 | X11: 0.000148 | Y11: 39465497
A12: 46299 | B12: 1.1906543 | C12: 0.000131 | D12: 2.4112086e+08 | E12: 1051.168 | F12: 0.000234 | G12: 6.8823755e+08 | H12: 1245.0037 | I12: 0.000117 | J12: 30612152 | K12: 1172.5081 | L12: -4.1e-05 | M12: 18633499 | N12: 1012.2012 | O12: 0.000101 | P12: 9969169.4 | Q12: 1051.5079 | R12: 0.000305 | S12: 13617027 | T12: 1.4198885 | U12: 0.000111 | V12: 91561655 | W12: 1.5793964 | X12: 0.000148 | Y12: 39368819
A13: 46298 | B13: 1.1904988 | C13: 0.000131 | D13: 2.4110996e+08 | E13: 1050.9216 | F13: 0.000235 | G13: 6.8807621e+08 | H13: 1244.8582 | I13: 0.000117 | J13: 30608572 | K13: 1172.5559 | L13: -4.1e-05 | M13: 18634258 | N13: 1012.0993 | O13: 0.000101 | P13: 9968165.6 | Q13: 1051.1877 | R13: 0.000305 | S13: 13612881 | T13: 1.4197306 | U13: 0.000111 | V13: 91551472 | W13: 1.5791621 | X13: 0.000148 | Y13: 39388512
A14: 46297 | B14: 1.1903431 | C14: 0.000134 | D14: 2.4098208e+08 | E14: 1050.6752 | F14: 0.000233 | G14: 6.8791487e+08 | H14: 1244.7126 | I14: 0.000117 | J14: 30604993 | K14: 1172.6037 | L14: -4.1e-05 | M14: 18635017 | N14: 1011.9973 | O14: 0.000101 | P14: 9967161.8 | Q14: 1050.8675 | R14: 0.000305 | S14: 13608734 | T14: 1.4195727 | U14: 0.00014 | V14: 91541293 | W14: 1.5789287 | X14: 0.000156 | Y14: 39517373
A15: 46296 | B15: 1.1901837 | C15: 0.000138 | D15: 2.3522435e+08 | E15: 1050.4304 | F15: 0.000235 | G15: 6.8775463e+08 | H15: 1244.567 | I15: 0.000116 | J15: 30601414 | K15: 1172.6514 | L15: -4.1e-05 | M15: 18635777 | N15: 1011.8954 | O15: 0.000101 | P15: 9966158 | Q15: 1050.5473 | R15: 0.000305 | S15: 13604588 | T15: 1.4193746 | U15: 0.000113 | V15: 91275102 | W15: 1.5786821 | X15: 0.000148 | Y15: 39500977
A16: 46295 | B16: 1.19002 | C16: 0.000118 | D16: 2.3037484e+08 | E16: 1050.184 | F16: 0.000234 | G16: 6.875933e+08 | H16: 1244.4226 | I16: 0.000177 | J16: 30597864 | K16: 1172.6999 | L16: -4.1e-05 | M16: 18636547 | N16: 1011.7935 | O16: 0.000396 | P16: 9965154.1 | Q16: 1050.2271 | R16: 0.000317 | S16: 13600441 | T16: 1.4192145 | U16: 0.000113 | V16: 91115242 | W16: 1.578449 | X16: 0.000148 | Y16: 39536722
A17: 46294 | B17: 1.1898794 | C17: 0.000129 | D17: 2.2698861e+08 | E17: 1049.938 | F17: 0.000217 | G17: 6.874322e+08 | H17: 1244.2025 | I17: 0.000177 | J17: 30592452 | K17: 1172.7484 | L17: -4.1e-05 | M17: 18637318 | N17: 1011.3929 | O17: 0.000314 | P17: 9961208.6 | Q17: 1049.8942 | R17: 0.000317 | S17: 13596129 | T17: 1.419054 | U17: 0.000113 | V17: 89650008 | W17: 1.5782162 | X17: 0.000149 | Y17: 39522151
... A93: 46218 | B93: 1.1783813 | C93: 0.000127 | D93: 2.372933e+08 | E93: 1044.46 | F93: 0.000236 | G93: 6.8384554e+08 | H93: 1222.7709 | I93: 0.000137 | J93: 27374171 | K93: 1175.0751 | L93: -1.3e-05 | M93: 18674293 | N93: 1013.2342 | O93: 4.4e-05 | P93: 6949773.4 | Q93: 1022.0311 | R93: 0.000388 | S93: 13235303 | T93: 1.4070943 | U93: 0.000102 | V93: 93659949 | W93: 1.5609661 | X93: 0.000145 | Y93: 45550173
A94: 46217 | B94: 1.1782314 | C94: 0.000136 | D94: 2.38325e+08 | E94: 1044.2136 | F94: 0.000235 | G94: 6.8368425e+08 | H94: 1222.6034 | I94: 0.000137 | J94: 27370423 | K94: 1175.0904 | L94: -1.3e-05 | M94: 18674537 | N94: 1013.1896 | O94: 4.4e-05 | P94: 6949467.6 | Q94: 1021.6348 | R94: 0.000388 | S94: 13230171 | T94: 1.4069506 | U94: 0.000103 | V94: 93922582 | W94: 1.5607399 | X94: 0.000145 | Y94: 45581319 | Z94: 1.3490205 | AA94: 0.000106 | AB94: 32192093 | AC94: 1.0542528 | AD94: 0.000717 | AE94: 13305390 | AF94: 1.5269554 | AG94: 0.000228 | AH94: 26949440 | AI94: 5965.8165 | AJ94: 0.00013 | AK94: 71876157
A95: 46216 | B95: 1.1780717 | C95: 0.000132 | D95: 2.2794225e+08 | E95: 1043.9686 | F95: 0.000235 | G95: 6.8352382e+08 | H95: 1222.436 | I95: 0.000137 | J95: 27366674 | K95: 1175.1057 | L95: -1.3e-05 | M95: 18674780 | N95: 1013.145 | O95: 4.4e-05 | P95: 6949161.7 | Q95: 1021.2385 | R95: 0.000388 | S95: 13225039 | T95: 1.4068055 | U95: 0.000103 | V95: 92019558 | W95: 1.5605132 | X95: 0.000146 | Y95: 45487357 | Z95: 1.3488782 | AA95: 0.000106 | AB95: 32210245 | AC95: 1.0534972 | AD95: -0.000582 | AE95: 13251236 | AF95: 1.5266078 | AG95: 0.000157 | AH95: 26899436 | AI95: 5965.0419 | AJ95: 0.000211 | AK95: 71866825
A96: 46215 | B96: 1.1779159 | C96: 0.000133 | D96: 2.2841595e+08 | E96: 1043.723 | F96: 0.000235 | G96: 6.8336303e+08 | H96: 1222.2685 | I96: 0.000132 | J96: 27362926 | K96: 1175.121 | L96: -1.3e-05 | M96: 18675023 | N96: 1013.1004 | O96: 4.4e-05 | P96: 6948855.9 | Q96: 1020.8422 | R96: 0.000388 | S96: 13219907 | T96: 1.4066612 | U96: 0.000103 | V96: 92030061 | W96: 1.5602859 | X96: 0.000146 | Y96: 45370290 | Z96: 1.3487359 | AA96: 0.000106 | AB96: 32210146 | AC96: 1.0541104 | AD96: 0.00012 | AE96: 13255646 | AF96: 1.5263683 | AG96: 0.000157 | AH96: 26895816 | AI96: 5963.7857 | AJ96: 0.00013 | AK96: 71851690
A97: 46214 | B97: 1.1777598 | C97: 0.000133 | D97: 2.28379e+08 | E97: 1043.4779 | F97: 0.000234 | G97: 6.8320257e+08 | H97: 1222.1069 | I97: 0.000132 | J97: 27359308 | K97: 1175.1363 | L97: -1.3e-05 | M97: 18675266 | N97: 1013.0558 | O97: 4.4e-05 | P97: 6948550 | Q97: 1020.4459 | R97: 0.000389 | S97: 13214775 | T97: 1.4065168 | U97: 0.000103 | V97: 92020616 | W97: 1.5600588 | X97: 0.000146 | Y97: 45385243 | Z97: 1.3485936 | AA97: 0.000106 | AB97: 32206748 | AC97: 1.053984 | AD97: 0.00012 | AE97: 13254057 | AF97: 1.5261289 | AG97: 0.000157 | AH97: 26891596 | AI97: 5963.0092 | AJ97: 0.00013 | AK97: 71842335
A98: 46213 | B98: 1.1776036 | C98: 0.000131 | D98: 2.2834655e+08 | E98: 1043.2339 | F98: 0.000235 | G98: 6.830428e+08 | H98: 1221.9453 | I98: 0.000132 | J98: 27355690 | K98: 1175.1516 | L98: -1.3e-05 | M98: 18675509 | N98: 1013.0112 | O98: 9e-06 | P98: 6948244.1 | Q98: 1020.0496 | R98: 0.000389 | S98: 13209643 | T98: 1.4063713 | U98: 0.000102 | V98: 92011097 | W98: 1.5598304 | X98: 0.000144 | Y98: 45471888 | Z98: 1.3484513 | AA98: 0.000107 | AB98: 32203350 | AC98: 1.0538576 | AD98: 0.00018 | AE98: 13252468 | AF98: 1.5258894 | AG98: 0.000157 | AH98: 26887377 | AI98: 5962.2325 | AJ98: 9.7e-05 | AK98: 71832977
A99: 46212 | B99: 1.1774498 | C99: 0.000133 | D99: 2.2504366e+08 | E99: 1042.9888 | F99: 0.000236 | G99: 6.8288233e+08 | H99: 1221.7837 | I99: 0.000132 | J99: 27352071 | K99: 1175.1669 | L99: -1.3e-05 | M99: 18675752 | N99: 1013.0025 | O99: 4.4e-05 | P99: 6948183.9 | Q99: 1019.6533 | R99: 0.000389 | S99: 13204511 | T99: 1.4062278 | U99: 0.000103 | V99: 92466526 | W99: 1.5596051 | X99: 0.000144 | Y99: 45425691 | Z99: 1.3483077 | AA99: 0.000106 | AB99: 30108943 | AC99: 1.0536681 | AD99: 0.000578 | AE99: 13206443 | AF99: 1.5256498 | AG99: 0.000157 | AH99: 26877879 | AI99: 5961.6519 | AJ99: 0.000122 | AK99: 71825982
A100: 46211 | B100: 1.177293 | C100: 0.000132 | D100: 2.2525806e+08 | E100: 1042.7431 | F100: 0.000235 | G100: 6.8272148e+08 | H100: 1221.6221 | I100: 0.000132 | J100: 27348453 | K100: 1175.1822 | L100: -1.3e-05 | M100: 18675996 | N100: 1012.9579 | O100: 4.4e-05 | P100: 6947878 | Q100: 1019.2571 | R100: 0.000389 | S100: 13199379 | T100: 1.4060836 | U100: 0.000107 | V100: 91382859 | W100: 1.5593802 | X100: 0.000152 | Y100: 45372043 | Z100: 1.348165 | AA100: 0.000106 | AB100: 29755814 | AC100: 1.0530596 | AD100: -0.001544 | AE100: 13140409 | AF100: 1.5254102 | AG100: 0.000134 | AH100: 26871658 | AI100: 5960.9262 | AJ100: 0.000291 | AK100: 71817238
A101: 46210 | B101: 1.1771378 | C101: 0.000124 | D101: 2.2623547e+08 | E101: 1042.4977 | F101: 0.000235 | G101: 6.825608e+08 | H101: 1221.4604 | I101: 0.000132 | J101: 27344835 | K101: 1175.1975 | L101: -1.3e-05 | M101: 18676239 | N101: 1012.9133 | O101: 4.4e-05 | P101: 6947572.1 | Q101: 1018.8608 | R101: 0.000389 | S101: 13194247 | T101: 1.4059335 | U101: 0.000107 | V101: 91657221 | W101: 1.5591433 | X101: 0.000155 | Y101: 45236933 | Z101: 1.3480224 | AA101: 0.000106 | AB101: 29752416 | AC101: 1.0546883 | AD101: -0.000579 | AE101: 5673620.6 | AF101: 1.5252053 | AG101: -0.001413 | AH101: 26667576 | AI101: 5959.1925 | AJ101: 0.000116 | AK101: 71796352
A102: 46209 | B102: 1.1769916 | C102: 0.000127 | D102: 2.2606804e+08 | E102: 1042.2524 | F102: 0.000234 | G102: 6.8240016e+08 | H102: 1221.2989 | I102: 0.000132 | J102: 27341218 | K102: 1175.2128 | L102: -1.3e-05 | M102: 18676482 | N102: 1012.8687 | O102: 4.4e-05 | P102: 6947266.2 | Q102: 1018.4645 | R102: 0.000389 | S102: 13189115 | T102: 1.405783 | U102: 0.000107 | V102: 91662690 | W102: 1.5589024 | X102: 0.000152 | Y102: 45149366 | Z102: 1.3478795 | AA102: 0.000106 | AB102: 29735340 | AC102: 1.0552995 | AD102: 0.001071 | AE102: 7754711.9 | AF102: 1.5273629 | AG102: 0.000159 | AH102: 26700550 | AI102: 5958.5023 | AJ102: 6.5e-05 | AK102: 71788036
A103: 46208 | B103: 1.1768418 | C103: 0.000132 | D103: 2.2946368e+08 | E103: 1042.0086 | F103: 0.000235 | G103: 6.8224057e+08 | H103: 1221.1373 | I103: 0.000132 | J103: 27337602 | K103: 1175.2281 | L103: -1.3e-05 | M103: 18676725 | N103: 1012.8241 | O103: 4.4e-05 | P103: 6946960.2 | Q103: 1018.0682 | R103: 0.000389 | S103: 13183983 | T103: 1.4056325 | U103: 0.000107 | V103: 91468490 | W103: 1.5586652 | X103: 0.000152 | Y103: 45106042 | Z103: 1.3477367 | AA103: 0.000106 | AB103: 29688768 | AC103: 1.0541708 | AD103: 0.000157 | AE103: 7727566.6 | AF103: 1.5271207 | AG103: 0.000159 | AH103: 26695317 | AI103: 5958.1169 | AJ103: 0.000128 | AK103: 71783393
A104: 46207 | B104: 1.1766865 | C104: 0.000132 | D104: 2.2943526e+08 | E104: 1041.7634 | F104: 0.000235 | G104: 6.8207998e+08 | H104: 1220.9758 | I104: 0.000132 | J104: 27333985 | K104: 1175.2434 | L104: -1.3e-05 | M104: 18676968 | N104: 1012.7794 | O104: 4.4e-05 | P104: 6946654.2 | Q104: 1017.6719 | R104: 0.00039 | S104: 13178851 | T104: 1.4054819 | U104: 0.000107 | V104: 91458687 | W104: 1.5584281 | X104: 0.000152 | Y104: 45126349 | Z104: 1.3475938 | AA104: 0.000106 | AB104: 29689421 | AC104: 1.0540055 | AD104: 0.000156 | AE104: 7726705.1 | AF104: 1.5268786 | AG104: 0.000159 | AH104: 26691085 | AI104: 5957.3531 | AJ104: 9.5e-05 | AK104: 71774190
A105: 46206 | B105: 1.1765306 | C105: 0.000136 | D105: 2.2940016e+08 | E105: 1041.5188 | F105: 0.000236 | G105: 6.8191983e+08 | H105: 1220.8142 | I105: 0.000132 | J105: 27330368 | K105: 1175.2587 | L105: -1.3e-05 | M105: 18677211 | N105: 1012.7348 | O105: -0.000668 | P105: 6946348.2 | Q105: 1017.2756 | R105: 0.00039 | S105: 13173719 | T105: 1.4053312 | U105: 0.000106 | V105: 91448885 | W105: 1.5581915 | X105: 0.000152 | Y105: 45182086 | Z105: 1.3474509 | AA105: 0.000107 | AB105: 29686273 | AC105: 1.0538407 | AD105: 0.000158 | AE105: 7725497 | AF105: 1.5266365 | AG105: 0.000159 | AH105: 26686852 | AI105: 5956.7895 | AJ105: 1.5e-05 | AK105: 71767400
... A154: 46157 | B154: 1.1691829 | C154: 0.000131 | D154: 1.9086775e+08 | E154: 1037.1383 | F154: 0.000235 | G154: 6.7905178e+08 | H154: 1212.2054 | I154: 0.000139 | J154: 27137642 | K154: 1185.1899 | L154: -0.000136 | M154: 18835038 | N154: 1008.0383 | O154: 0.000171 | P154: 4898058 | Q154: 1000 | R154: 0 | S154: 12950000 | T154: 1.3978803 | U154: 0.000106 | V154: 98219846 | W154: 1.5466758 | X154: 0.000152 | Y154: 43608216 | Z154: 1.3404804 | AA154: 0.000108 | AB154: 31402899 | AC154: 1.0419826 | AD154: -0.001305 | AE154: 6240302.9 | AF154: 1.514707 | AG154: 0.000165 | AH154: 25817381 | AI154: 5973.7986 | AJ154: 0.000163 | AK154: 71972325
A155: 46156 | B155: 1.1690301 | C155: 0.000132 | D155: 1.8833728e+08 | E155: 1036.8949 | F155: 0.000235 | G155: 6.7889239e+08 | H155: 1212.0367 | I155: 0.000139 | J155: 27133865 | K155: 1185.3517 | L155: -0.000136 | M155: 18837608 | N155: 1007.8658 | O155: 0.000171 | P155: 4897219.8 | T155: 1.3977325 | U155: 0.000109 | V155: 98753906 | W155: 1.5464413 | X155: 0.000152 | Y155: 43107707 | Z155: 1.340335 | AA155: 0.000113 | AB155: 31394662 | AC155: 1.043344 | AD155: 0.000293 | AE155: 6243016.5 | AF155: 1.5144571 | AG155: 0.000171 | AH155: 25811746 | AI155: 5972.8256 | AJ155: 0.00015 | AK155: 71960603
A156: 46155 | B156: 1.1688755 | C156: 0.000105 | D156: 1.8710223e+08 | E156: 1036.6518 | F156: -0.018602 | G156: 6.7873323e+08 | H156: 1211.868 | I156: 0.000139 | J156: 27130088 | K156: 1185.5134 | L156: -0.000126 | M156: 18840178 | N156: 1007.6933 | O156: 0.000171 | P156: 4896381.6 | T156: 1.3975808 | U156: 0.00011 | V156: 90510803 | W156: 1.5462058 | X156: 0.000152 | Y156: 42800183 | Z156: 1.3401833 | AA156: 0.000128 | AB156: 23397714 | AC156: 1.0430384 | AD156: 0.001097 | AE156: 6237808.9 | AF156: 1.5141983 | AG156: 0.000165 | AH156: 25803196 | AI156: 5971.9324 | AJ156: 0.000111 | AK156: 71949842
A157: 46154 | B157: 1.1687526 | C157: 0.000123 | D157: 1.9749236e+08 | E157: 1056.3013 | F157: 0.000231 | G157: 6.9159847e+08 | H157: 1211.6992 | I157: 0.000138 | J157: 27126311 | K157: 1185.6628 | L157: -0.000126 | M157: 18842553 | N157: 1007.5207 | O157: 0.000171 | P157: 4895543.3 | T157: 1.3974272 | U157: 0.00011 | V157: 87384300 | W157: 1.5459702 | X157: 0.000154 | Y157: 42781924 | Z157: 1.3400123 | AA157: 0.000111 | AB157: 23336841 | AC157: 1.0418954 | AD157: -0.001087 | AE157: 6230174.5 | AF157: 1.5139483 | AG157: 0.000178 | AH157: 25797363 | AI157: 5971.268 | AJ157: 0.000156 | AK157: 71941837
A158: 46153 | B158: 1.1686087 | C158: 0.000133 | D158: 1.9624785e+08 | E158: 1056.0578 | F158: 0.000233 | G158: 6.9143904e+08 | H158: 1211.5325 | I158: 0.000138 | J158: 27122578 | K158: 1185.8122 | L158: -0.000126 | M158: 18844927 | N158: 1007.3482 | O158: 0.000171 | P158: 4894705 | T158: 1.3972737 | U158: 0.00011 | V158: 87376640 | W158: 1.5457326 | X158: 0.000153 | Y158: 42679122 | Z158: 1.3398634 | AA158: 0.000112 | AB158: 26342650 | AC158: 1.0430297 | AD158: 0.000365 | AE158: 6225589.7 | AF158: 1.5136793 | AG158: 0.000151 | AH158: 25792280 | AI158: 5970.3369 | AJ158: 0.000162 | AK158: 71930619
A159: 46152 | B159: 1.1684538 | C159: 0.00013 | D159: 1.9371083e+08 | E159: 1055.8121 | F159: 0.000232 | G159: 6.9127817e+08 | H159: 1211.3657 | I159: 0.000138 | J159: 27118844 | K159: 1185.9616 | L159: -0.000126 | M159: 18847302 | N159: 1007.1757 | O159: 0.000171 | P159: 4893866.6 | T159: 1.3971196 | U159: 0.00011 | V159: 86860203 | W159: 1.5454963 | X159: 0.000153 | Y159: 42719946 | Z159: 1.3397128 | AA159: 0.000111 | AB159: 26337164 | AC159: 1.0426492 | AD159: 0.000176 | AE159: 6206124.8 | AF159: 1.5134505 | AG159: 0.000165 | AH159: 25766384 | AI159: 5969.3689 | AJ159: 0.000162 | AK159: 71918957
A160: 46151 | B160: 1.1683014 | C160: 0.00013 | D160: 1.9365605e+08 | E160: 1055.5669 | F160: 0.000232 | G160: 6.9111763e+08 | H160: 1211.1989 | I160: 0.000138 | J160: 27115110 | K160: 1186.111 | L160: -0.000126 | M160: 18849676 | N160: 1007.0031 | O160: 0.000171 | P160: 4893028.2 | T160: 1.3969657 | U160: 0.00011 | V160: 86850629 | W160: 1.5452602 | X160: 0.000152 | Y160: 42744716 | Z160: 1.3395641 | AA160: 0.000111 | AB160: 26638476 | AC160: 1.0424654 | AD160: 0.000176 | AE160: 6208530.1 | AF160: 1.5132011 | AG160: 0.000165 | AH160: 25762138 | AI160: 5968.4009 | AJ160: 0.000162 | AK160: 71907294
A161: 46150 | B161: 1.1681491 | C161: 0.000128 | D161: 1.9361984e+08 | E161: 1055.3217 | F161: 0.000234 | G161: 6.9095708e+08 | H161: 1211.0321 | I161: 0.000138 | J161: 27111375 | K161: 1186.2604 | L161: -0.000126 | M161: 18852051 | N161: 1006.8306 | O161: 0.000171 | P161: 4892189.7 | T161: 1.3968115 | U161: 0.000133 | V161: 86841046 | W161: 1.5450247 | X161: 0.000156 | Y161: 42816364 | Z161: 1.3394155 | AA161: 0.000113 | AB161: 26635520 | AC161: 1.0422815 | AD161: 0.00037 | AE161: 6207435.2 | AF161: 1.5129513 | AG161: 0.000165 | AH161: 25757886 | AI161: 5967.4329 | AJ161: 4.7e-05 | AK161: 71895631
A162: 46149 | B162: 1.1679995 | C162: 0.000126 | D162: 1.9180323e+08 | E162: 1055.0748 | F162: 0.000233 | G162: 6.9079543e+08 | H162: 1210.8653 | I162: 0.000138 | J162: 27107641 | K162: 1186.4099 | L162: -0.000126 | M162: 18854426 | N162: 1006.658 | O162: 0.000121 | P162: 4891351.2 | T162: 1.3966256 | U162: 0.00011 | V162: 87015034 | W162: 1.5447844 | X162: 0.000162 | Y162: 42762629 | Z162: 1.3392638 | AA162: 0.000112 | AB162: 26631141 | AC162: 1.0418962 | AD162: 3.1e-05 | AE162: 6192431.3 | AF162: 1.5127019 | AG162: 0.000165 | AH162: 25752495 | AI162: 5967.1544 | AJ162: 0.000149 | AK162: 71892277
A163: 46148 | B163: 1.1678522 | C163: 0.000132 | D163: 1.8922016e+08 | E163: 1054.829 | F163: 0.000234 | G163: 6.9063452e+08 | H163: 1210.6985 | I163: 0.000138 | J163: 27103907 | K163: 1186.5593 | L163: -0.000126 | M163: 18856800 | N163: 1006.536 | O163: 0.000171 | P163: 4890758.4 | T163: 1.3964717 | U163: 0.000109 | V163: 87182098 | W163: 1.5445345 | X163: 0.000153 | Y163: 42805546 | Z163: 1.3391139 | AA163: 0.000112 | AB163: 26902838 | AC163: 1.0418641 | AD163: 0.001836 | AE163: 6184990.8 | AF163: 1.5124525 | AG163: 0.000165 | AH163: 25747650 | AI163: 5966.2641 | AJ163: 0.000146 | AK163: 71881550
A164: 46147 | B164: 1.1676985 | C164: 0.000115 | D164: 1.855718e+08 | E164: 1054.5827 | F164: 0.000231 | G164: 6.9047327e+08 | H164: 1210.5314 | I164: 0.000138 | J164: 27100167 | K164: 1186.7087 | L164: -0.000126 | M164: 18859175 | N164: 1006.3634 | O164: 0.000172 | P164: 4889919.8 | T164: 1.3963202 | U164: 0.000109 | V164: 89154809 | W164: 1.5442983 | X164: 0.000152 | Y164: 42744704 | Z164: 1.3389636 | AA164: 0.000112 | AB164: 26890750 | AC164: 1.0399547 | AD164: 0.000668 | AE164: 6094678.4 | AF164: 1.5122033 | AG164: 0.000154 | AH164: 25743106 | AI164: 5965.3904 | AJ164: 1.4e-05 | AK164: 71871023
A165: 46146 | B165: 1.1675637 | C165: 0.000126 | D165: 1.9190367e+08 | E165: 1054.3393 | F165: 0.000233 | G165: 6.903139e+08 | H165: 1210.3639 | I165: 0.00014 | J165: 27096416 | K165: 1186.8581 | L165: -0.000126 | M165: 18861550 | N165: 1006.1908 | O165: 0.000172 | P165: 4889081.2 | T165: 1.3961677 | U165: 0.000109 | V165: 88833119 | W165: 1.544064 | X165: 0.000156 | Y165: 43040042 | Z165: 1.3388137 | AA165: 1.1e-05 | AB165: 26950152 | AC165: 1.03926 | AD165: 0.000165 | AE165: 6079065.2 | AF165: 1.5119704 | AG165: 0.000132 | AH165: 25732721 | AI165: 5965.3093 | AJ165: 0.000159 | AK165: 71870047
A166: 46145 | B166: 1.1674161 | C166: 0.00013 | D166: 1.8935419e+08 | E166: 1054.0935 | F166: 0.000234 | G166: 6.9015298e+08 | H166: 1210.1942 | I166: 0.00014 | J166: 27092618 | K166: 1187.0076 | L166: -0.000126 | M166: 18863924 | N166: 1006.0182 | O166: 0.000172 | P166: 4888242.5 | T166: 1.3960149 | U166: 0.00011 | V166: 91664439 | W166: 1.5438232 | X166: 0.000155 | Y166: 42980307 | Z166: 1.3387993 | AA166: 0.000109 | AB166: 26942372 | AC166: 1.0390884 | AD166: 0.000182 | AE166: 6067707.6 | AF166: 1.511771 | AG166: 0.000168 | AH166: 25727128 | AI166: 5964.3614 | AJ166: 0.000161 | AK166: 71858626
... A354: 45957 | B354: 1.1394328 | C354: 0.000119 | D354: 1.3580503e+08 | E354: 1052.2927 | F354: 0.000218 | G354: 6.7327157e+08 | H354: 1220.5067 | I354: 0.000204 | J354: 27323483 | K354: 985.29187 | L354: -0.000231 | M354: 14147806 | N354: 1000.4216 | O354: -0.000153 | P354: 3501475.5 | T354: 1.3677145 | U354: 0.000112 | V354: 74695210 | W354: 1.4983644 | X354: 0.000172 | Y354: 26098922 | Z354: 1.3122574 | AA354: 0.000123 | AB354: 22652850 | AC354: 1 | AD354: 0 | AE354: 528300 | AF354: 1.469852 | AG354: 0.000125 | AH354: 15175897 | AI354: 5939.1816 | AJ354: 0.000158 | AK354: 71555260
A355: 45956 | B355: 1.1392968 | C355: 0.00012 | D355: 1.3558252e+08 | E355: 1052.0637 | F355: 0.000234 | G355: 6.7312507e+08 | H355: 1220.2573 | I355: 0.000204 | J355: 27317899 | K355: 985.51957 | L355: -0.000231 | M355: 14151075 | N355: 1000.5748 | O355: 7.2e-05 | P355: 3502011.8 | T355: 1.3675612 | U355: 0.000112 | V355: 73351926 | W355: 1.4981061 | X355: 0.000172 | Y355: 26136226 | Z355: 1.3120964 | AA355: 0.000119 | AB355: 21662501 | AF355: 1.4696684 | AG355: 0.000125 | AH355: 15172741 | AI355: 5938.2406 | AJ355: 0.000158 | AK355: 71543923
A356: 45955 | B356: 1.1391601 | C356: 0.00012 | D356: 1.3556625e+08 | E356: 1051.8172 | F356: 0.000234 | G356: 6.7296735e+08 | H356: 1220.0078 | I356: 0.000163 | J356: 27312315 | K356: 985.74727 | L356: -0.000231 | M356: 14154345 | N356: 1000.5031 | O356: 7.2e-05 | P356: 3501760.8 | T356: 1.3674081 | U356: 0.000112 | V356: 73343718 | W356: 1.4978478 | X356: 0.000172 | Y356: 26159930 | Z356: 1.3119403 | AA356: 0.000119 | AB356: 22271051 | AF356: 1.4694841 | AG356: 0.000125 | AH356: 15172838 | AI356: 5937.2997 | AJ356: 0.000152 | AK356: 71532586
A357: 45954 | B357: 1.1390233 | C357: 0.000117 | D357: 1.3554998e+08 | E357: 1051.5707 | F357: 0.000234 | G357: 6.7280967e+08 | H357: 1219.8087 | I357: 0.000163 | J357: 27307858 | K357: 985.97497 | L357: -0.000231 | M357: 14157615 | N357: 1000.4313 | O357: 7e-05 | P357: 3501509.7 | T357: 1.367255 | U357: 0.000112 | V357: 73335503 | W357: 1.4975901 | X357: 0.000172 | Y357: 26212303 | Z357: 1.3117842 | AA357: 0.000119 | AB357: 22268401 | AF357: 1.4692999 | AG357: 0.000125 | AH357: 15170936 | AI357: 5936.3967 | AJ357: 0.000159 | AK357: 71521707
A358: 45953 | B358: 1.1388899 | C358: 0.000122 | D358: 1.3817558e+08 | E358: 1051.3244 | F358: 0.000234 | G358: 6.7265204e+08 | H358: 1219.6096 | I358: 0.000163 | J358: 27303401 | K358: 986.20268 | L358: -0.000231 | M358: 14160884 | N358: 1000.3608 | O358: 7.2e-05 | P358: 3501262.9 | T358: 1.3671025 | U358: 0.000112 | V358: 74193190 | W358: 1.4973324 | X358: 0.000172 | Y358: 26203972 | Z358: 1.3116279 | AA358: 0.000119 | AB358: 22264107 | AF358: 1.4691156 | AG358: 0.000116 | AH358: 15167344 | AI358: 5935.4557 | AJ358: 0.000149 | AK358: 71510371
A359: 45952 | B359: 1.1387512 | C359: 0.000248 | D359: 1.389266e+08 | E359: 1051.078 | F359: 0.000214 | G359: 6.7249443e+08 | H359: 1219.4106 | I359: 0.000135 | J359: 27298944 | K359: 986.4304 | L359: -0.000231 | M359: 14164154 | N359: 1000.2883 | O359: 0.000127 | P359: 3501009.1 | T359: 1.3669498 | U359: 0.000112 | V359: 74234971 | W359: 1.4970746 | X359: 0.000177 | Y359: 26197498 | Z359: 1.3114716 | AA359: 0.00012 | AB359: 22211742 | AF359: 1.4689452 | AG359: 0.000116 | AH359: 15165384 | AI359: 5934.5701 | AJ359: 0.001279 | AK359: 71499700
A360: 45951 | B360: 1.1384686 | C360: 0.000121 | D360: 1.3901633e+08 | E360: 1050.8531 | F360: 0.000234 | G360: 6.7033603e+08 | H360: 1219.2465 | I360: 0.00014 | J360: 27295271 | K360: 986.65811 | L360: -0.000231 | M360: 14167424 | N360: 1000.1614 | O360: 7.2e-05 | P360: 3500564.9 | T360: 1.3667968 | U360: 0.000112 | V360: 73888877 | W360: 1.4968103 | X360: 0.000173 | Y360: 26048588 | Z360: 1.3113148 | AA360: 0.000119 | AB360: 22202137 | AF360: 1.4687745 | AG360: 0.000116 | AH360: 15163622 | AI360: 5926.9899 | AJ360: 0.000159 | AK360: 71408374
A361: 45950 | B361: 1.1383308 | C361: 0.000165 | D361: 1.3893222e+08 | E361: 1050.6069 | F361: 0.000234 | G361: 6.70179e+08 | H361: 1219.0758 | I361: 0.000135 | J361: 27291450 | K361: 986.88583 | L361: -0.000231 | M361: 14170694 | N361: 1000.0893 | O361: 9.1e-05 | P361: 3500312.4 | T361: 1.3666437 | U361: 0.000112 | V361: 73655175 | W361: 1.496552 | X361: 0.000175 | Y361: 26007366 | Z361: 1.3111584 | AA361: 0.000118 | AB361: 22204637 | AF361: 1.4686039 | AG361: 0.000116 | AH361: 15158761 | AI361: 5926.0453 | AJ361: 0.00012 | AK361: 71396993
A362: 45949 | B362: 1.1381433 | C362: 0.000124 | D362: 1.364962e+08 | E362: 1050.361 | F362: 0.000235 | G362: 6.7002214e+08 | H362: 1218.9118 | I362: 0.000135 | J362: 27287777 | K362: 987.11355 | L362: -0.000231 | M362: 14173963 | N362: 999.9983 | O362: 7.3e-05 | P362: 3499994 | T362: 1.3664906 | U362: 0.000112 | V362: 73547736 | W362: 1.4962898 | X362: 0.000173 | Y362: 26000728 | Z362: 1.3110034 | AA362: 0.000118 | AB362: 22127221 | AF362: 1.4684332 | AG362: 0.000121 | AH362: 15135602 | AI362: 5925.3366 | AJ362: 0.000164 | AK362: 71388455
A363: 45948 | B363: 1.1380021 | C363: 0.000124 | D363: 1.3647927e+08 | E363: 1050.1143 | F363: 0.000236 | G363: 6.6986473e+08 | H363: 1218.7477 | I363: 0.000135 | J363: 27284105 | K363: 987.34127 | L363: -0.000231 | M363: 14177233 | N363: 999.92483 | O363: 7.3e-05 | P363: 3499736.9 | T363: 1.3663375 | U363: 0.000112 | V363: 73539497 | W363: 1.4960308 | X363: 0.000173 | Y363: 26019393 | Z363: 1.3108484 | AA363: 0.000118 | AB363: 22124756 | AF363: 1.4682556 | AG363: 0.000121 | AH363: 15133771 | AI363: 5924.3663 | AJ363: 0.000156 | AK363: 71376765
A364: 45947 | B364: 1.137861 | C364: 0.000119 | D364: 1.3646234e+08 | E364: 1049.867 | F364: 0.000232 | G364: 6.6970699e+08 | H364: 1218.5836 | I364: 0.000135 | J364: 27280432 | K364: 987.569 | L364: -0.000231 | M364: 14180503 | N364: 999.8514 | O364: 5.4e-05 | P364: 3499479.9 | T364: 1.3661844 | U364: 0.000113 | V364: 73531258 | W364: 1.4957721 | X364: 0.000175 | Y364: 26047105 | Z364: 1.3106935 | AA364: 0.000119 | AB364: 22122141 | AF364: 1.468078 | AG364: 0.000143 | AH364: 15131941 | AI364: 5923.4402 | AJ364: 0.000157 | AK364: 71365608
A365: 45946 | B365: 1.1377253 | C365: 0.000125 | D365: 1.3740751e+08 | E365: 1049.6233 | F365: 0.000236 | G365: 6.6955154e+08 | H365: 1218.4196 | I365: 0.000135 | J365: 27276759 | K365: 987.79673 | L365: -0.00023 | M365: 14183773 | N365: 999.79715 | O365: 7.4e-05 | P365: 3499290 | T365: 1.3660306 | U365: 0.000112 | V365: 73365978 | W365: 1.4955097 | X365: 0.000173 | Y365: 26039169 | Z365: 1.3105382 | AA365: 0.000118 | AB365: 22114316 | AF365: 1.4678674 | AG365: 0.000158 | AH365: 15129620 | AI365: 5922.5132 | AJ365: 0.000157 | AK365: 71354439
A366: 45945 | B366: 1.1375829 | C366: 0.000125 | D366: 1.3759913e+08 | E366: 1049.376 | F366: 0.000236 | G366: 6.6939383e+08 | H366: 1218.2555 | I366: 0.000135 | J366: 27273085 | K366: 988.02446 | L366: -0.00023 | M366: 14187043 | N366: 999.72321 | O366: 7.4e-05 | P366: 3499031.2 | T366: 1.3658781 | U366: 0.000112 | V366: 74698575 | W366: 1.4952508 | X366: 0.000174 | Y366: 26054805 | Z366: 1.310383 | AA366: 0.000118 | AB366: 22091900 | AF366: 1.4676353 | AG366: 0.000135 | AH366: 15121029 | AI366: 5921.5864 | AJ366: 0.000114 | AK366: 71343273
... A392: 45919 | B392: 1.1337366 | C392: 0.000153 | D392: 1.1562394e+08 | E392: 1046.6654 | F392: 0.000236 | G392: 6.6766475e+08 | H392: 1213.33 | I392: 0.000143 | J392: 27162818 | K392: 991.31917 | L392: -1.7e-05 | M392: 14234352 | N392: 1000 | O392: 0 | P392: 3500000 | T392: 1.3618826 | U392: 0.000117 | V392: 64998680 | W392: 1.4884545 | X392: 0.000178 | Y392: 25836100 | Z392: 1.3062688 | AA392: 0.000123 | AB392: 20529296 | AF392: 1.4618587 | AG392: 0.000153 | AH392: 21638566 | AI392: 6040.284 | AJ392: 0.000215 | AK392: 72773342
A393: 45918 | B393: 1.133563 | C393: 0.000146 | D393: 1.135317e+08 | E393: 1046.4184 | F393: 0.000236 | G393: 6.6750718e+08 | H393: 1213.1569 | I393: 0.000147 | J393: 27158944 | K393: 991.3363 | L393: -1.7e-05 | M393: 14234598 | T393: 1.3617228 | U393: 0.000116 | V393: 65791888 | W393: 1.4881895 | X393: 0.000176 | Y393: 25834535 | Z393: 1.3061087 | AA393: 0.000123 | AB393: 20505782 | AF393: 1.4616351 | AG393: 0.000153 | AH393: 21634856 | AI393: 6038.986 | AJ393: 0.000217 | AK393: 72757704
A394: 45917 | B394: 1.1333979 | C394: 0.000154 | D394: 1.1140102e+08 | E394: 1046.1711 | F394: 0.000236 | G394: 6.6734937e+08 | H394: 1212.9788 | I394: 0.000133 | J394: 27154957 | K394: 991.35342 | L394: -1.7e-05 | M394: 14234844 | T394: 1.3615645 | U394: 0.000116 | V394: 67073734 | W394: 1.4879273 | X394: 0.000176 | Y394: 25812719 | Z394: 1.3059486 | AA394: 0.000123 | AB394: 20493519 | AF394: 1.4614116 | AG394: 0.000153 | AH394: 21637826 | AI394: 6037.6772 | AJ394: 0.000192 | AK394: 72741935
A395: 45916 | B395: 1.1332239 | C395: 0.000172 | D395: 1.1257745e+08 | E395: 1045.9237 | F395: 0.000237 | G395: 6.6719161e+08 | H395: 1212.817 | I395: 0.000133 | J395: 27151335 | K395: 991.37055 | L395: -1.7e-05 | M395: 14235090 | T395: 1.3614066 | U395: 0.000117 | V395: 67317752 | W395: 1.4876651 | X395: 0.000177 | Y395: 25805248 | Z395: 1.3057881 | AA395: 0.000121 | AB395: 20455609 | AF395: 1.461188 | AG395: 0.000153 | AH395: 21603820 | AI395: 6036.5202 | AJ395: 0.000213 | AK395: 72727996
A396: 45915 | B396: 1.133029 | C396: 0.000145 | D396: 1.1138594e+08 | E396: 1045.6764 | F396: 0.000236 | G396: 6.6703382e+08 | H396: 1212.6552 | I396: 0.000133 | J396: 27147712 | K396: 991.38767 | L396: -1.7e-05 | M396: 14235336 | T396: 1.3612479 | U396: 0.000117 | V396: 66983975 | W396: 1.4874022 | X396: 0.000176 | Y396: 25745047 | Z396: 1.3056306 | AA396: 0.000121 | AB396: 20437041 | AF396: 1.4609645 | AG396: 0.000153 | AH396: 21600366 | AI396: 6035.2358 | AJ396: 0.000213 | AK396: 72712521
A397: 45914 | B397: 1.1328643 | C397: 0.000127 | D397: 1.1136976e+08 | E397: 1045.4296 | F397: 0.000236 | G397: 6.668764e+08 | H397: 1212.4934 | I397: 0.000133 | J397: 27144089 | K397: 991.4048 | L397: -1.7e-05 | M397: 14235581 | T397: 1.3610891 | U397: 0.000117 | V397: 66976161 | W397: 1.48714 | X397: 0.000176 | Y397: 25790881 | Z397: 1.3054732 | AA397: 0.000121 | AB397: 20439277 | AF397: 1.460741 | AG397: 0.000153 | AH397: 21600061 | AI397: 6033.9512 | AJ397: 0.000213 | AK397: 72697044
A398: 45913 | B398: 1.1327205 | C398: 0.000124 | D398: 1.1135562e+08 | E398: 1045.1831 | F398: 0.000237 | G398: 6.6671914e+08 | H398: 1212.3315 | I398: 0.000134 | J398: 27140466 | K398: 991.42192 | L398: -1.7e-05 | M398: 14235827 | T398: 1.3609303 | U398: 0.000117 | V398: 66968348 | W398: 1.4868779 | X398: 0.000176 | Y398: 25789278 | Z398: 1.3053151 | AA398: 0.000121 | AB398: 20436801 | AF398: 1.4605176 | AG398: 0.000153 | AH398: 21596758 | AI398: 6032.6666 | AJ398: 0.000213 | AK398: 72681568
A399: 45912 | B399: 1.1325795 | C399: 0.000139 | D399: 1.1134176e+08 | E399: 1044.9355 | F399: 0.000237 | G399: 6.665612e+08 | H399: 1212.1697 | I399: 0.000134 | J399: 27136843 | K399: 991.43905 | L399: -1.7e-05 | M399: 14236073 | T399: 1.3607716 | U399: 0.000116 | V399: 66960536 | W399: 1.4866162 | X399: 0.000176 | Y399: 25813951 | Z399: 1.305157 | AA399: 0.000115 | AB399: 20434326 | AF399: 1.4602941 | AG399: 0.000153 | AH399: 21593453 | AI399: 6031.382 | AJ399: 0.000207 | AK399: 72666091
A400: 45911 | B400: 1.1324224 | C400: 0.000133 | D400: 1.123591e+08 | E400: 1044.688 | F400: 0.000237 | G400: 6.6640336e+08 | H400: 1212.0078 | I400: 0.000134 | J400: 27133219 | K400: 991.45617 | L400: -1.7e-05 | M400: 14236319 | T400: 1.3606132 | U400: 0.000116 | V400: 67166956 | W400: 1.4863544 | X400: 0.000177 | Y400: 25760810 | Z400: 1.3050065 | AA400: 0.000116 | AB400: 20410623 | AF400: 1.460071 | AG400: 0.000153 | AH400: 21588654 | AI400: 6030.1351 | AJ400: 0.001195 | AK400: 72651068
A401: 45910 | B401: 1.1322716 | C401: 0.00013 | D401: 1.1334323e+08 | E401: 1044.4404 | F401: 0.000211 | G401: 6.662454e+08 | H401: 1211.846 | I401: 0.000134 | J401: 27129596 | K401: 991.4733 | L401: -1.7e-05 | M401: 14236565 | T401: 1.3604549 | U401: 0.000116 | V401: 67439207 | W401: 1.4860919 | X401: 0.000177 | Y401: 25716925 | Z401: 1.3048557 | AA401: 0.000115 | AB401: 20414264 | AF401: 1.4598475 | AG401: 0.000153 | AH401: 21581950 | AI401: 6022.9362 | AJ401: 9.6e-05 | AK401: 72564336
A402: 45909 | B402: 1.132124 | C402: 0.000138 | D402: 1.1310846e+08 | E402: 1044.2199 | F402: 0.000237 | G402: 6.6268698e+08 | H402: 1211.6841 | I402: 0.000134 | J402: 27125973 | K402: 991.49042 | L402: -1.7e-05 | M402: 14236811 | T402: 1.3602967 | U402: 0.000117 | V402: 67751187 | W402: 1.4858291 | X402: 0.000177 | Y402: 25733313 | Z402: 1.3047056 | AA402: 0.000119 | AB402: 20418129 | AF402: 1.459624 | AG402: 0.000153 | AH402: 21578646 | AI402: 6022.3599 | AJ402: 0.000107 | AK402: 72557392
A403: 45908 | B403: 1.131968 | C403: 0.000156 | D403: 1.1181842e+08 | E403: 1043.9725 | F403: -0.006742 | G403: 6.6252999e+08 | H403: 1211.5223 | I403: 0.000134 | J403: 27122349 | K403: 991.50755 | L403: -1.7e-05 | M403: 14237057 | T403: 1.360137 | U403: 0.000116 | V403: 67772192 | W403: 1.4855655 | X403: 0.000178 | Y403: 25620774 | Z403: 1.3045501 | AA403: 0.00012 | AB403: 19713547 | AF403: 1.4594005 | AG403: 0.00015 | AH403: 21575342 | AI403: 6021.7156 | AJ403: 0.000212 | AK403: 72549630
A404: 45907 | B404: 1.131792 | C404: 0.000117 | D404: 1.1377846e+08 | E404: 1051.0588 | F404: 0.000236 | G404: 6.6702711e+08 | H404: 1211.3604 | I404: 0.000134 | J404: 27118725 | K404: 991.52468 | L404: -1.7e-05 | M404: 14237303 | T404: 1.3599798 | U404: 0.000116 | V404: 67406433 | W404: 1.4853007 | X404: 0.000178 | Y404: 25551922 | Z404: 1.3043932 | AA404: 0.00012 | AB404: 19712277 | AF404: 1.4591817 | AG404: 0.000153 | AH404: 21572007 | AI404: 6020.441 | AJ404: 0.000213 | AK404: 72534273
... A492: 45819 | B492: 1.1180117 | C492: 0.000128 | D492: 92002860 | E492: 1035.0144 | F492: 0.000214 | G492: 6.5485255e+08 | H492: 1195.9526 | I492: 0.000129 | J492: 22799641 | K492: 1000 | L492: 0 | M492: 2430000 | T492: 1.3460752 | U492: 0.000113 | V492: 66668796 | W492: 1.4631835 | X492: 0.000174 | Y492: 20701259 | Z492: 1.2906142 | AA492: 0.000122 | AB492: 17052670 | AF492: 1.440334 | AG492: 0.000174 | AH492: 37408299 | AI492: 5972.2497 | AJ492: 0.00014 | AK492: 71953665
A493: 45818 | B493: 1.1178682 | C493: 0.000144 | D493: 88995132 | E493: 1034.7931 | F493: 0.000237 | G493: 6.5221353e+08 | H493: 1195.7985 | I493: 0.000129 | J493: 22796702 | T493: 1.3459229 | U493: 0.000114 | V493: 66671641 | W493: 1.4629293 | X493: 0.00017 | Y493: 20700726 | Z493: 1.2904563 | AA493: 0.000127 | AB493: 17050634 | AF493: 1.440084 | AG493: 0.000174 | AH493: 37403219 | AI493: 5971.4131 | AJ493: 0.000137 | AK493: 71943584
A494: 45817 | B494: 1.1177076 | C494: 0.000131 | D494: 87395318 | E494: 1034.548 | F494: -0.006787 | G494: 6.5205906e+08 | H494: 1195.6443 | I494: 0.000129 | J494: 22793764 | T494: 1.3457692 | U494: 0.000115 | V494: 65502341 | W494: 1.4626812 | X494: 0.000177 | Y494: 20368423 | Z494: 1.2902928 | AA494: 0.000121 | AB494: 15793662 | AF494: 1.4398342 | AG494: 0.00017 | AH494: 37403038 | AI494: 5970.5938 | AJ494: 0.000139 | AK494: 71933714
A495: 45816 | B495: 1.1175616 | C495: 0.00014 | D495: 91317461 | E495: 1041.6176 | F495: 0.000236 | G495: 6.5651493e+08 | H495: 1195.4902 | I495: 0.000129 | J495: 22790825 | T495: 1.3456148 | U495: 0.000115 | V495: 65511118 | W495: 1.4624224 | X495: 0.000177 | Y495: 20300564 | Z495: 1.2901364 | AA495: 0.000121 | AB495: 15795947 | AF495: 1.4395899 | AG495: 0.000175 | AH495: 37393193 | AI495: 5969.7615 | AJ495: 7.8e-05 | AK495: 71923686
A496: 45815 | B496: 1.1174048 | C496: 0.00014 | D496: 91304648 | E496: 1041.3717 | F496: 0.000236 | G496: 6.5635992e+08 | H496: 1195.336 | I496: 0.000129 | J496: 22787886 | T496: 1.3454605 | U496: 0.000115 | V496: 65503602 | W496: 1.462164 | X496: 0.000176 | Y496: 20302650 | Z496: 1.2899801 | AA496: 0.000121 | AB496: 15797033 | AF496: 1.4393377 | AG496: 0.000175 | AH496: 37386642 | AI496: 5969.2961 | AJ496: 6.2e-05 | AK496: 71918080
A497: 45814 | B497: 1.117248 | C497: 0.000138 | D497: 91291836 | E497: 1041.126 | F497: 0.000236 | G497: 6.5620508e+08 | H497: 1195.1819 | I497: 0.000129 | J497: 22784947 | T497: 1.3453061 | U497: 0.000115 | V497: 65496088 | W497: 1.461906 | X497: 0.000175 | Y497: 20329453 | Z497: 1.2898238 | AA497: 0.000127 | AB497: 15795119 | AF497: 1.4390856 | AG497: 0.000175 | AH497: 37380093 | AI497: 5968.9265 | AJ497: 5.9e-05 | AK497: 71913626
A498: 45813 | B498: 1.1170939 | C498: 0.000141 | D498: 90897881 | E498: 1040.8802 | F498: 0.000236 | G498: 6.5605015e+08 | H498: 1195.0277 | I498: 0.000129 | J498: 22782008 | T498: 1.3451513 | U498: 0.000115 | V498: 65039889 | W498: 1.4616501 | X498: 0.000175 | Y498: 20223357 | Z498: 1.2896596 | AA498: 0.000119 | AB498: 15726081 | AF498: 1.4388333 | AG498: 0.000175 | AH498: 37373041 | AI498: 5968.5725 | AJ498: 8.6e-05 | AK498: 71909362
A499: 45812 | B499: 1.1169363 | C499: 0.000143 | D499: 90057027 | E499: 1040.6344 | F499: 0.000236 | G499: 6.5589524e+08 | H499: 1194.8735 | I499: 0.000123 | J499: 22779069 | T499: 1.3449971 | U499: 0.000149 | V499: 65506169 | W499: 1.461394 | X499: 0.000178 | Y499: 20197388 | Z499: 1.2895067 | AA499: 0.000104 | AB499: 16724254 | AF499: 1.4385815 | AG499: 0.000175 | AH499: 37420982 | AI499: 5968.0575 | AJ499: 3.5e-05 | AK499: 71903157
A500: 45811 | B500: 1.1167766 | C500: 0.000142 | D500: 88296754 | E500: 1040.3887 | F500: 0.000236 | G500: 6.5574036e+08 | H500: 1194.7269 | I500: 0.000123 | J500: 22776274 | T500: 1.3447968 | U500: 0.000114 | V500: 66057137 | W500: 1.4611339 | X500: 0.000175 | Y500: 20179225 | Z500: 1.2893721 | AA500: 0.000108 | AB500: 16718733 | AF500: 1.4383294 | AG500: 0.000175 | AH500: 37413836 | AI500: 5967.8479 | AJ500: 0.000125 | AK500: 71900632
A501: 45810 | B501: 1.1166176 | C501: 0.000149 | D501: 87112870 | E501: 1040.143 | F501: 0.000236 | G501: 6.5558552e+08 | H501: 1194.5803 | I501: 0.000123 | J501: 22773478 | T501: 1.3446435 | U501: 0.000115 | V501: 66045859 | W501: 1.4608777 | X501: 0.000177 | Y501: 20175851 | Z501: 1.2892333 | AA501: 4.2e-05 | AB501: 16710744 | AF501: 1.4380778 | AG501: 0.000175 | AH501: 37431989 | AI501: 5967.102 | AJ501: 0.000139 | AK501: 71891645
A502: 45809 | B502: 1.1164518 | C502: 0.000144 | D502: 84868964 | E502: 1039.8974 | F502: 0.000236 | G502: 6.5543066e+08 | H502: 1194.4336 | I502: 0.000124 | J502: 22770683 | T502: 1.3444894 | U502: 0.000115 | V502: 65764585 | W502: 1.4606185 | X502: 0.000177 | Y502: 19995691 | Z502: 1.2891787 | AA502: 0.000116 | AB502: 16713070 | AF502: 1.4378261 | AG502: 0.000173 | AH502: 37417586 | AI502: 5966.2738 | AJ502: 0.00084 | AK502: 71881667
A503: 45808 | B503: 1.1162905 | C503: 0.000136 | D503: 84856704 | E503: 1039.6517 | F503: 0.000238 | G503: 6.5527586e+08 | H503: 1194.2859 | I503: 0.0002 | J503: 22767866 | T503: 1.3443351 | U503: 0.000115 | V503: 65757037 | W503: 1.4603605 | X503: 0.000176 | Y503: 20118716 | Z503: 1.2890292 | AA503: 0.000112 | AB503: 16711132 | AF503: 1.4375772 | AG503: 0.000164 | AH503: 38137845 | AI503: 5961.2666 | AJ503: 0.000178 | AK503: 71821340
A504: 45807 | B504: 1.116139 | C504: 0.000112 | D504: 84845186 | E504: 1039.4047 | F504: 2e-06 | G504: 6.5512014e+08 | H504: 1194.0466 | I504: 0.0002 | J504: 22763305 | T504: 1.3441808 | U504: 0.000115 | V504: 65749491 | W504: 1.4601032 | X504: 0.000175 | Y504: 20156941 | Z504: 1.2888851 | AA504: 0.000115 | AB504: 16709264 | AF504: 1.4373415 | AG504: 0.000164 | AH504: 38131591 | AI504: 5960.2045 | AJ504: 6.2e-05 | AK504: 71808543
... A939: 45372 | B939: 1.0479441 | C939: 0.000131 | D939: 17010577 | E939: 1037.3439 | F939: 0.000237 | G939: 5.6425183e+08 | H939: 1000 | I939: 0 | J939: 14501000 | T939: 1.2773001 | U939: 0.000113 | V939: 53722082 | W939: 1.3557694 | X939: 0.000163 | Y939: 17645778 | Z939: 1.2266652 | AA939: 0.000137 | AB939: 24941141 | AF939: 1.3610537 | AG939: 0.000155 | AH939: 58439467 | AI939: 5808.8948 | AJ939: 0.000169 | AK939: 69555706
A940: 45371 | B940: 1.0478072 | C940: 9.9e-05 | D940: 16746162 | E940: 1037.0979 | F940: 0.000237 | G940: 5.6411802e+08 | T940: 1.2771561 | U940: 0.000116 | V940: 54222056 | W940: 1.3555484 | X940: 0.000172 | Y940: 17341646 | Z940: 1.2264971 | AA940: 0.000133 | AB940: 24989655 | AF940: 1.3608426 | AG940: 0.000154 | AH940: 58443505 | AI940: 5807.9103 | AJ940: 0.000155 | AK940: 69543918
A941: 45370 | B941: 1.0477036 | C941: 0.000126 | D941: 17326651 | E941: 1036.852 | F941: 0.000237 | G941: 5.6398424e+08 | T941: 1.2770074 | U941: 0.000112 | V941: 54728097 | W941: 1.3553158 | X941: 0.000163 | Y941: 17350141 | Z941: 1.2263343 | AA941: 0.000126 | AB941: 25581258 | AF941: 1.3606329 | AG941: 0.000156 | AH941: 58435594 | AI941: 5807.0094 | AJ941: 0.000171 | AK941: 69533130
A942: 45369 | B942: 1.0475713 | C942: 0.000136 | D942: 19117346 | E942: 1036.6061 | F942: 0.000237 | G942: 5.638505e+08 | T942: 1.2768643 | U942: 0.000112 | V942: 54952045 | W942: 1.3550952 | X942: 0.000165 | Y942: 17362083 | Z942: 1.2261801 | AA942: 0.000128 | AB942: 25604653 | AF942: 1.3604212 | AG942: 0.000145 | AH942: 58427054 | AI942: 5806.0145 | AJ942: 0.00017 | AK942: 69521217
A943: 45368 | B943: 1.0474289 | C943: 0.000152 | D943: 20086660 | E943: 1036.3603 | F943: 0.000237 | G943: 5.637168e+08 | T943: 1.2767213 | U943: 0.000112 | V943: 54279451 | W943: 1.3548719 | X943: 0.000166 | Y943: 17392879 | Z943: 1.2260236 | AA943: 0.000127 | AB943: 25597446 | AF943: 1.3602234 | AG943: 0.000158 | AH943: 58407992 | AI943: 5805.0272 | AJ943: 0.000171 | AK943: 69509396
A944: 45367 | B944: 1.0472692 | C944: 0.000152 | D944: 20083598 | E944: 1036.1146 | F944: 0.000237 | G944: 5.6358313e+08 | T944: 1.2765781 | U944: 0.000112 | V944: 54273364 | W944: 1.3546474 | X944: 0.000166 | Y944: 17391307 | Z944: 1.2258678 | AA944: 0.000127 | AB944: 26600965 | AF944: 1.3600087 | AG944: 0.000158 | AH944: 58398772 | AI944: 5804.032 | AJ944: 0.000171 | AK944: 69497480
A945: 45366 | B945: 1.0471095 | C945: 0.000148 | D945: 20080536 | E945: 1035.8689 | F945: 0.000237 | G945: 5.6344949e+08 | T945: 1.2764351 | U945: 0.000113 | V945: 54267285 | W945: 1.354423 | X945: 0.00016 | Y945: 17390999 | Z945: 1.225712 | AA945: 0.000129 | AB945: 26597584 | AF945: 1.359794 | AG945: 0.000158 | AH945: 58389554 | AI945: 5803.0369 | AJ945: 0.000161 | AK945: 69485563
A946: 45365 | B946: 1.0469542 | C946: 0.000138 | D946: 20059191 | E946: 1035.6233 | F946: 0.000237 | G946: 5.6331588e+08 | T946: 1.2762913 | U946: 0.000111 | V946: 53713420 | W946: 1.3542069 | X946: 0.000162 | Y946: 18297037 | Z946: 1.2255543 | AA946: 0.00013 | AB946: 26280902 | AF946: 1.3595793 | AG946: 0.000158 | AH946: 58379576 | AI946: 5802.1028 | AJ946: 0.000151 | AK946: 69474379
A947: 45364 | B947: 1.0468099 | C947: 0.00013 | D947: 19970126 | E947: 1035.3777 | F947: 0.000239 | G947: 5.6318231e+08 | T947: 1.2761498 | U947: 0.00011 | V947: 54310520 | W947: 1.3539878 | X947: 0.000162 | Y947: 18281079 | Z947: 1.2253944 | AA947: 0.000127 | AB947: 26183487 | AF947: 1.3593647 | AG947: 0.000158 | AH947: 58372959 | AI947: 5801.2259 | AJ947: 0.00017 | AK947: 69463879
A948: 45363 | B948: 1.0466736 | C948: 0.000135 | D948: 20890409 | E948: 1035.1305 | F948: 0.000237 | G948: 5.1295893e+08 | T948: 1.2760091 | U948: 0.000104 | V948: 55976738 | W948: 1.3537681 | X948: 0.000162 | Y948: 18270114 | Z948: 1.2252385 | AA948: 0.000123 | AB948: 26724318 | AF948: 1.3591502 | AG948: 0.000148 | AH948: 58385990 | AI948: 5800.24 | AJ948: 0.000151 | AK948: 69452074
A949: 45362 | B949: 1.0465322 | C949: 0.000135 | D949: 20823231 | E949: 1034.8851 | F949: 0.000237 | G949: 5.1283733e+08 | T949: 1.2758769 | U949: 0.000111 | V949: 55215945 | W949: 1.3535483 | X949: 0.000162 | Y949: 18246094 | Z949: 1.2250876 | AA949: 0.000119 | AB949: 26725056 | AF949: 1.3589486 | AG949: 0.000144 | AH949: 58370545 | AI949: 5799.3672 | AJ949: 0.000171 | AK949: 69441622
A950: 45361 | B950: 1.0463915 | C950: 0.000144 | D950: 20403933 | E950: 1034.6398 | F950: 0.000237 | G950: 5.1271576e+08 | T950: 1.2757357 | U950: 0.00011 | V950: 53215868 | W950: 1.353329 | X950: 0.000162 | Y950: 18246632 | Z950: 1.2249422 | AA950: 0.000128 | AB950: 26225072 | AF950: 1.3587526 | AG950: 0.000158 | AH950: 58349130 | AI950: 5798.373 | AJ950: 0.000171 | AK950: 69429719
A951: 45360 | B951: 1.0462413 | C951: 0.000144 | D951: 20401004 | E951: 1034.3945 | F951: 0.000237 | G951: 5.1259422e+08 | T951: 1.2755948 | U951: 0.000111 | V951: 53209991 | W951: 1.3531094 | X951: 0.000162 | Y951: 18260166 | Z951: 1.2247853 | AA951: 0.000128 | AB951: 26222122 | AF951: 1.3585383 | AG951: 0.000158 | AH951: 58339926 | AI951: 5797.3821 | AJ951: 0.000171 | AK951: 69417853
... A1099: 45212 | B1099: 1.0236549 | C1099: 0.000136 | D1099: 11493005 | E1099: 1000 | F1099: 0 | G1099: 100315000 | T1099: 1.2542358 | U1099: 0.00011 | V1099: 53411213 | W1099: 1.3211002 | X1099: 0.000159 | Y1099: 18273481 | Z1099: 1.204035 | AA1099: 8.4e-05 | AB1099: 12127262 | AF1099: 1.3273459 | AG1099: 0.000153 | AH1099: 24454096 | AI1099: 5678.8943 | AJ1099: 0.000163 | AK1099: 57016099
A1100: 45211 | B1100: 1.0235161 | C1100: 0.000116 | D1100: 11373808 | T1100: 1.2540981 | U1100: 0.000109 | V1100: 53500220 | W1100: 1.3208902 | X1100: 0.00016 | Y1100: 18273798 | Z1100: 1.2039339 | AA1100: 9.8e-05 | AB1100: 12122544 | AF1100: 1.3271428 | AG1100: 0.000178 | AH1100: 24448464 | AI1100: 5677.9664 | AJ1100: 0.000135 | AK1100: 57006782
A1101: 45210 | B1101: 1.0233974 | C1101: 0.00014 | D1101: 11300008 | T1101: 1.253961 | U1101: 0.000108 | V1101: 53749092 | W1101: 1.3206788 | X1101: 0.00016 | Y1101: 18030875 | Z1101: 1.2038164 | AA1101: 9.8e-05 | AB1101: 12291253 | AF1101: 1.3269071 | AG1101: 0.000134 | AH1101: 24439672 | AI1101: 5677.1976 | AJ1101: 9.8e-05 | AK1101: 56999064
A1102: 45209 | B1102: 1.0232542 | C1102: 0.000129 | D1102: 11399699 | T1102: 1.2538252 | U1102: 0.000109 | V1102: 52827244 | W1102: 1.3204675 | X1102: 0.000161 | Y1102: 18025545 | Z1102: 1.203699 | AA1102: 0.000104 | AB1102: 12292954 | AF1102: 1.3267297 | AG1102: 0.000161 | AH1102: 24436305 | AI1102: 5676.6405 | AJ1102: 0.000138 | AK1102: 56993471
A1103: 45208 | B1103: 1.0231221 | C1103: 0.000144 | D1103: 11618842 | T1103: 1.2536888 | U1103: 0.000109 | V1103: 52233790 | W1103: 1.3202555 | X1103: 0.00016 | Y1103: 17940316 | Z1103: 1.203574 | AA1103: 0.000103 | AB1103: 12287304 | AF1103: 1.3265162 | AG1103: 0.00014 | AH1103: 19433156 | AI1103: 5675.8573 | AJ1103: 0.000137 | AK1103: 56985607
...

Sheet Valor cuota (fin de mes)
A1: Valor cuota (fin de mes)
A2: Fondos de Inversión El Salvador — Todas las gestoras | Fuente: sitios oficiales de cada gestora | datos al 2026-10-11 (actualización 2026-10-11)
A3: Fondo | B3: oct-2016 | C3: nov-2016 | D3: dic-2016 | E3: ene-2017 | F3: feb-2017 | G3: mar-2017 | H3: abr-2017 | I3: may-2017 | J3: jun-2017 | K3: jul-2017 | L3: ago-2017 | M3: sep-2017 | N3: oct-2017 | O3: nov-2017 | P3: dic-2017 | Q3: ene-2018 | R3: feb-2018 | S3: mar-2018 | T3: abr-2018 | U3: may-2018 | V3: jun-2018 | W3: jul-2018 | X3: ago-2018 | Y3: sep-2018 | Z3: oct-2018 | AA3: nov-2018 | AB3: dic-2018 | AC3: ene-2019 | AD3: feb-2019 | AE3: mar-2019 | AF3: abr-2019 | AG3: may-2019 | AH3: jun-2019 | AI3: jul-2019 | AJ3: ago-2019 | AK3: sep-2019 | AL3: oct-2019 | AM3: nov-2019 | AN3: dic-2019 | AO3: ene-2020 | AP3: feb-2020 | AQ3: mar-2020 | AR3: abr-2020 | AS3: may-2020 | AT3: jun-2020 | AU3: jul-2020 | AV3: ago-2020 | AW3: sep-2020 | AX3: oct-2020 | AY3: nov-2020 | AZ3: dic-2020 | BA3: ene-2021 | BB3: feb-2021 | BC3: mar-2021 | BD3: abr-2021 | BE3: may-2021 | BF3: jun-2021 | BG3: jul-2021 | BH3: ago-2021 | BI3: sep-2021 | BJ3: oct-2021 | BK3: nov-2021 | BL3: dic-2021 | BM3: ene-2022 | BN3: feb-2022 | BO3: mar-2022 | BP3: abr-2022 | BQ3: may-2022 | BR3: jun-2022 | BS3: jul-2022 | BT3: ago-2022 | BU3: sep-2022 | BV3: oct-2022 | BW3: nov-2022 | BX3: dic-2022 | BY3: ene-2023 | BZ3: feb-2023 | CA3: mar-2023 | CB3: abr-2023 | CC3: may-2023 | CD3: jun-2023 | CE3: jul-2023 | CF3: ago-2023 | CG3: sep-2023 | CH3: oct-2023 | CI3: nov-2023 | CJ3: dic-2023 | CK3: ene-2024 | CL3: feb-2024 | CM3: mar-2024 | CN3: abr-2024 | CO3: may-2024 | CP3: jun-2024 | CQ3: jul-2024 | CR3: ago-2024 | CS3: sep-2024 | CT3: oct-2024 | CU3: nov-2024 | CV3: dic-2024 | CW3: ene-2025 | CX3: feb-2025 | CY3: mar-2025 | CZ3: abr-2025 | DA3: may-2025 | DB3: jun-2025 | DC3: jul-2025 | DD3: ago-2025 | DE3: sep-2025 | DF3: oct-2025 | DG3: nov-2025 | DH3: dic-2025 | DI3: ene-2026 | DJ3: feb-2026 | DK3: mar-2026 | DL3: abr-2026 | DM3: may-2026 | DN3: jun-2026 | DO3: jul-2026 | DP3: ago-2026 | DQ3: sep-2026 | DR3: oct-2026*
A4: Hencorp · FI Abierto Hencorp Opportunity | CC4: 1.0042318 | CD4: 1.0085181 | CE4: 1.0128668 | CF4: 1.0173763 | CG4: 1.0218089 | CH4: 1.0263879 | CI4: 1.0306844 | CJ4: 1.0359479 | CK4: 1.0406063 | CL4: 1.0448963 | CM4: 1.0494155 | CN4: 1.0539331 | CO4: 1.0592179 | CP4: 1.0640595 | CQ4: 1.0688075 | CR4: 1.0735092 | CS4: 1.0780725 | CT4: 1.0831082 | CU4: 1.0876538 | CV4: 1.0924678 | CW4: 1.0972577 | CX4: 1.1015601 | CY4: 1.1064724 | CZ4: 1.1113874 | DA4: 1.1162905 | DB4: 1.1209893 | DC4: 1.1259162 | DD4: 1.1307494 | DE4: 1.1354138 | DF4: 1.1399574 | DG4: 1.1441651 | DH4: 1.1488066 | DI4: 1.1533475 | DJ4: 1.1576537 | DK4: 1.1623831 | DL4: 1.1669559 | DM4: 1.1715671 | DN4: 1.1760487 | DO4: 1.1807452 | DP4: 1.18553 | DQ4: 1.19002 | DR4: 1.1915885
A5: Hencorp · FIC Renta Fija I | CH5: 1004.0914 | CI5: 1011.0099 | CJ5: 1017.9666 | CK5: 1025.1435 | CL5: 1032.2025 | CM5: 1039.5472 | CN5: 1046.9496 | CO5: 1038.798 | CP5: 1038.7396 | CQ5: 1046.1199 | CR5: 1048.7838 | CS5: 1048.8806 | CT5: 1056.2348 | CU5: 1039.2837 | CV5: 1039.3914 | CW5: 1046.7844 | CX5: 1048.5916 | CY5: 1048.6276 | CZ5: 1052.6819 | DA5: 1039.6517 | DB5: 1039.6638 | DC5: 1047.0897 | DD5: 1049.3232 | DE5: 1049.3728 | DF5: 1053.041 | DG5: 1040.2677 | DH5: 1040.2445 | DI5: 1047.591 | DJ5: 1049.709 | DK5: 1049.7459 | DL5: 1053.3552 | DM5: 1040.7866 | DN5: 1040.7832 | DO5: 1048.1392 | DP5: 1049.9987 | DQ5: 1050.184 | DR5: 1052.6451
A6: Hencorp · FIC Inmobiliario Hencorp Growth | CM6: 1001.831 | CN6: 1007.3205 | CO6: 1012.6369 | CP6: 1018.1412 | CQ6: 1023.6918 | CR6: 1006.1542 | CS6: 1011.7666 | CT6: 1017.3695 | CU6: 1023.0159 | CV6: 1028.5985 | CW6: 1034.1805 | CX6: 1039.5841 | CY6: 1184.043 | CZ6: 1188.8576 | DA6: 1194.2859 | DB6: 1199.7938 | DC6: 1204.5773 | DD6: 1210.2279 | DE6: 1215.8874 | DF6: 1221.4967 | DG6: 1236.1463 | DH6: 1173.4788 | DI6: 1179.4258 | DJ6: 1185.1761 | DK6: 1198.3295 | DL6: 1209.6864 | DM6: 1214.9764 | DN6: 1220.3307 | DO6: 1225.8443 | DP6: 1239.0646 | DQ6: 1244.4226 | DR6: 1245.9946
A7: Hencorp · FIC Desarrollo Inmob. Hencorp Vivienda 01 | DB7: 996.69381 | DC7: 993.41423 | DD7: 991.64457 | DE7: 991.08259 | DF7: 984.15311 | DG7: 977.39018 | DH7: 971.77694 | DI7: 956.22123 | DJ7: 1105.7385 | DK7: 1101.9769 | DL7: 1187.4564 | DM7: 1182.5741 | DN7: 1176.4937 | DO7: 1174.8788 | DP7: 1174.2168 | DQ7: 1172.6999 | DR7: 1171.9346
A8: Hencorp · FIC Inmobiliario Hencorp Blue Whale | DE8: 1000.023 | DF8: 1000.555 | DG8: 1007.7225 | DH8: 1013.0095 | DI8: 1013.1757 | DJ8: 1018.6383 | DK8: 1023.8524 | DL8: 1005.5003 | DM8: 1010.8201 | DN8: 1013.2382 | DO8: 1004.4542 | DP8: 1003.3424 | DQ8: 1011.7935 | DR8: 1012.9144
A9: Hencorp · FIC Inmobiliario Hencorp Commercial Properties | DM9: 1003.878 | DN9: 1016.0867 | DO9: 1028.3717 | DP9: 1040.2363 | DQ9: 1050.2271 | DR9: 1053.7491
A10: SGB · FI Abierto Rentable Corto Plazo | B10: 1.0018462 | C10: 1.004722 | D10: 1.0076886 | E10: 1.0106107 | F10: 1.0132295 | G10: 1.0160099 | H10: 1.0187032 | I10: 1.0215819 | J10: 1.024412 | K10: 1.0274157 | L10: 1.0303567 | M10: 1.0331824 | N10: 1.0362291 | O10: 1.0391332 | P10: 1.042144 | Q10: 1.0450948 | R10: 1.0477967 | S10: 1.0508377 | T10: 1.0538064 | U10: 1.0568347 | V10: 1.0597697 | W10: 1.062747 | X10: 1.0657236 | Y10: 1.0686544 | Z10: 1.0717549 | AA10: 1.0747916 | AB10: 1.0779371 | AC10: 1.0809871 | AD10: 1.0836607 | AE10: 1.0867145 | AF10: 1.0897731 | AG10: 1.092997 | AH10: 1.096042 | AI10: 1.0991441 | AJ10: 1.1022919 | AK10: 1.1052389 | AL10: 1.1083509 | AM10: 1.1113008 | AN10: 1.1145997 | AO10: 1.1176194 | AP10: 1.1204458 | AQ10: 1.1233931 | AR10: 1.1265209 | AS10: 1.1294131 | AT10: 1.1321683 | AU10: 1.1348211 | AV10: 1.137722 | AW10: 1.1406311 | AX10: 1.1436926 | AY10: 1.1465443 | AZ10: 1.1493748 | BA10: 1.1521042 | BB10: 1.1545779 | BC10: 1.1574216 | BD10: 1.1601755 | BE10: 1.1630677 | BF10: 1.1659791 | BG10: 1.1688444 | BH10: 1.1716319 | BI10: 1.174524 | BJ10: 1.1775081 | BK10: 1.180376 | BL10: 1.1833256 | BM10: 1.1862031 | BN10: 1.1888161 | BO10: 1.1917298 | BP10: 1.1945527 | BQ10: 1.1976013 | BR10: 1.2005637 | BS10: 1.2036498 | BT10: 1.2068493 | BU10: 1.210027 | BV10: 1.213282 | BW10: 1.2164249 | BX10: 1.2196467 | BY10: 1.2228872 | BZ10: 1.225828 | CA10: 1.2294466 | CB10: 1.2330263 | CC10: 1.2367343 | CD10: 1.2402977 | CE10: 1.2441438 | CF10: 1.2483217 | CG10: 1.2524445 | CH10: 1.2567706 | CI10: 1.2609687 | CJ10: 1.2656297 | CK10: 1.2700742 | CL10: 1.274256 | CM10: 1.2787435 | CN10: 1.2831131 | CO10: 1.2877401 | CP10: 1.2921553 | CQ10: 1.2967663 | CR10: 1.3014977 | CS10: 1.3061077 | CT10: 1.3109666 | CU10: 1.3156854 | CV10: 1.3205118 | CW10: 1.3254657 | CX10: 1.3299528 | CY10: 1.3348612 | CZ10: 1.3394354 | DA10: 1.3443351 | DB10: 1.349075 | DC10: 1.3539808 | DD10: 1.3588375 | DE10: 1.3636225 | DF10: 1.3683202 | DG10: 1.3729174 | DH10: 1.3775445 | DI10: 1.3822187 | DJ10: 1.3864265 | DK10: 1.3910739 | DL10: 1.3955561 | DM10: 1.4002484 | DN10: 1.4048462 | DO10: 1.4094281 | DP10: 1.4143269 | DQ10: 1.4192145 | DR10: 1.4209956
A11: SGB · FI Abierto Plazo 180 | T11: 1.002736 | U11: 1.0071301 | V11: 1.0114244 | W11: 1.0158584 | X11: 1.0203247 | Y11: 1.024654 | Z11: 1.0291827 | AA11: 1.0336159 | AB11: 1.0382019 | AC11: 1.0427941 | AD11: 1.0469234 | AE11: 1.0515711 | AF11: 1.0560627 | AG11: 1.060742 | AH11: 1.0652697 | AI11: 1.0699813 | AJ11: 1.0747276 | AK11: 1.0793406 | AL11: 1.084082 | AM11: 1.0886645 | AN11: 1.0936529 | AO11: 1.0983585 | AP11: 1.1029656 | AQ11: 1.1077006 | AR11: 1.1122778 | AS11: 1.1170944 | AT11: 1.1217072 | AU11: 1.1257391 | AV11: 1.1305307 | AW11: 1.1352804 | AX11: 1.1402144 | AY11: 1.1448869 | AZ11: 1.1497035 | BA11: 1.1544745 | BB11: 1.1588803 | BC11: 1.1636961 | BD11: 1.1683508 | BE11: 1.1733122 | BF11: 1.1782625 | BG11: 1.1830394 | BH11: 1.1879579 | BI11: 1.1927374 | BJ11: 1.1979218 | BK11: 1.2028637 | BL11: 1.2079833 | BM11: 1.212869 | BN11: 1.2172701 | BO11: 1.2221844 | BP11: 1.2269815 | BQ11: 1.2319536 | BR11: 1.2367621 | BS11: 1.2418361 | BT11: 1.2468923 | BU11: 1.2517944 | BV11: 1.2568086 | BW11: 1.2616576 | BX11: 1.2667036 | BY11: 1.2717813 | BZ11: 1.2766349 | CA11: 1.2824173 | CB11: 1.2881542 | CC11: 1.2940343 | CD11: 1.2996918 | CE11: 1.305612 | CF11: 1.312004 | CG11: 1.3183352 | CH11: 1.3248869 | CI11: 1.3312968 | CJ11: 1.3379822 | CK11: 1.3447758 | CL11: 1.3510871 | CM11: 1.3579661 | CN11: 1.364622 | CO11: 1.3717255 | CP11: 1.3786585 | CQ11: 1.3858616 | CR11: 1.3931222 | CS11: 1.400244 | CT11: 1.4078265 | CU11: 1.4150419 | CV11: 1.4223751 | CW11: 1.4300263 | CX11: 1.4369662 | CY11: 1.4447945 | CZ11: 1.4525058 | DA11: 1.4603605 | DB11: 1.4680374 | DC11: 1.4758058 | DD11: 1.4834503 | DE11: 1.4913326 | DF11: 1.4994097 | DG11: 1.5069034 | DH11: 1.5145884 | DI11: 1.5221256 | DJ11: 1.528727 | DK11: 1.5359691 | DL11: 1.5431079 | DM11: 1.5504381 | DN11: 1.5574788 | DO11: 1.5645485 | DP11: 1.5714785 | DQ11: 1.578449 | DR11: 1.5810436
A12: Atlántida · Fondo Abierto de Liquidez | R12: 1.0027058 | S12: 1.0060035 | T12: 1.0089739 | U12: 1.0120513 | V12: 1.0150456 | W12: 1.018131 | X12: 1.0211955 | Y12: 1.0241762 | Z12: 1.0271888 | AA12: 1.0300738 | AB12: 1.0329693 | AC12: 1.0358618 | AD12: 1.0385451 | AE12: 1.0415208 | AF12: 1.0443289 | AG12: 1.0472398 | AH12: 1.0501074 | AI12: 1.0530889 | AJ12: 1.0561102 | AK12: 1.0588914 | AL12: 1.0617624 | AM12: 1.0645862 | AN12: 1.0676041 | AO12: 1.0705389 | AP12: 1.0733619 | AQ12: 1.0763313 | AR12: 1.0791992 | AS12: 1.0822356 | AT12: 1.0853317 | AU12: 1.088352 | AV12: 1.0913323 | AW12: 1.0941561 | AX12: 1.0972527 | AY12: 1.1002635 | AZ12: 1.1032671 | BA12: 1.1062105 | BB12: 1.1088147 | BC12: 1.1115742 | BD12: 1.1143289 | BE12: 1.1169457 | BF12: 1.1197384 | BG12: 1.1226012 | BH12: 1.1255376 | BI12: 1.1282885 | BJ12: 1.1310509 | BK12: 1.1337271 | BL12: 1.1366731 | BM12: 1.1388505 | BN12: 1.1413848 | BO12: 1.1443516 | BP12: 1.1469871 | BQ12: 1.1496682 | BR12: 1.1524777 | BS12: 1.1550335 | BT12: 1.157957 | BU12: 1.1612738 | BV12: 1.1642901 | BW12: 1.1680113 | BX12: 1.1708085 | BY12: 1.1747638 | BZ12: 1.1781172 | CA12: 1.1816528 | CB12: 1.1850695 | CC12: 1.1884418 | CD12: 1.1917521 | CE12: 1.195588 | CF12: 1.1993087 | CG12: 1.2025416 | CH12: 1.2059146 | CI12: 1.2087833 | CJ12: 1.2138162 | CK12: 1.2192079 | CL12: 1.2233845 | CM12: 1.2281258 | CN12: 1.2325768 | CO12: 1.2371273 | CP12: 1.2412925 | CQ12: 1.2460513 | CR12: 1.2507656 | CS12: 1.2548881 | CT12: 1.2589586 | CU12: 1.2628868 | CV12: 1.2676557 | CW12: 1.2720692 | CX12: 1.2760523 | CY12: 1.2804738 | CZ12: 1.2841969 | DA12: 1.2890292 | DB12: 1.2935792 | DC12: 1.298468 | DD12: 1.3033272 | DE12: 1.3080593 | DF12: 1.312503 | DG12: 1.316648 | DH12: 1.3206519 | DI12: 1.3250574 | DJ12: 1.3290959 | DK12: 1.3337137 | DL12: 1.3383399 | DM12: 1.3427579 | DN12: 1.3471091 | DO12: 1.3490205
A13: Atlántida · Fondo de Inversion Abierto Atlantida de Renta Mixta | DF13: 1.0007898 | DG13: 1.0076388 | DH13: 1.0139732 | DI13: 1.0203351 | DJ13: 1.0262287 | DK13: 1.0297756 | DL13: 1.0385197 | DM13: 1.0485612 | DN13: 1.0541943 | DO13: 1.0542528
A14: Atlántida · Fondo de Inversión Abierto de Crecimiento | T14: 1.0004502 | U14: 1.0050538 | V14: 1.0094767 | W14: 1.0141434 | X14: 1.018796 | Y14: 1.0233196 | Z14: 1.027979 | AA14: 1.0324594 | AB14: 1.0370866 | AC14: 1.0416967 | AD14: 1.0458578 | AE14: 1.0504487 | AF14: 1.0549345 | AG14: 1.0596591 | AH14: 1.0640745 | AI14: 1.0686665 | AJ14: 1.0733133 | AK14: 1.0779594 | AL14: 1.0826388 | AM14: 1.0872109 | AN14: 1.0919592 | AO14: 1.0967226 | AP14: 1.1012523 | AQ14: 1.1061215 | AR14: 1.1108414 | AS14: 1.1157829 | AT14: 1.1205408 | AU14: 1.1255021 | AV14: 1.130427 | AW14: 1.1351851 | AX14: 1.1402842 | AY14: 1.1452568 | AZ14: 1.1562125 | BA14: 1.1611759 | BB14: 1.1656765 | BC14: 1.1705827 | BD14: 1.1754465 | BE14: 1.1802386 | BF14: 1.1850501 | BG14: 1.1900313 | BH14: 1.1949902 | BI14: 1.1998609 | BJ14: 1.2052499 | BK14: 1.2102286 | BL14: 1.2148163 | BM14: 1.2191638 | BN14: 1.2233733 | BO14: 1.2281899 | BP14: 1.2328749 | BQ14: 1.2376007 | BR14: 1.2423464 | BS14: 1.2473836 | BT14: 1.2521358 | BU14: 1.2572666 | BV14: 1.2628267 | BW14: 1.2683383 | BX14: 1.2739653 | BY14: 1.2796698 | BZ14: 1.2847713 | CA14: 1.2903572 | CB14: 1.2956995 | CC14: 1.3011878 | CD14: 1.3067145 | CE14: 1.3129125 | CF14: 1.3191354 | CG14: 1.3248367 | CH14: 1.3308609 | CI14: 1.337148 | CJ14: 1.3435521 | CK14: 1.350554 | CL14: 1.3566091 | CM14: 1.3631562 | CN14: 1.3694203 | CO14: 1.3757719 | CP14: 1.3806911 | CQ14: 1.3865852 | CR14: 1.3923046 | CS14: 1.3971127 | CT14: 1.4018921 | CU14: 1.4069177 | CV14: 1.4122025 | CW14: 1.417611 | CX14: 1.4220132 | CY14: 1.4270252 | CZ14: 1.4321025 | DA14: 1.4375772 | DB14: 1.4450577 | DC14: 1.4517226 | DD14: 1.4576427 | DE14: 1.4643267 | DF14: 1.4705744 | DG14: 1.476293 | DH14: 1.4824698 | DI14: 1.4893681 | DJ14: 1.4956207 | DK14: 1.503442 | DL14: 1.5110095 | DM14: 1.5186288 | DN14: 1.5259072 | DO14: 1.5269554
A15: Atlántida · Fondo de Inversión Cerrado Inmobiliario Atlántida Progresa + | AK15: 5000 | AL15: 5033.791 | AM15: 5067.3958 | AN15: 5000 | AO15: 5033.2638 | AP15: 5066.1127 | AQ15: 5000 | AR15: 5033.5215 | AS15: 5066.4679 | AT15: 5000 | AU15: 5032.3283 | AV15: 5063.8017 | AW15: 5279.7473 | AX15: 5311.513 | AY15: 5342.4736 | AZ15: 5279.7483 | BA15: 5309.9537 | BB15: 5338.1056 | BC15: 5279.7483 | BD15: 5302.6356 | BE15: 5323.5951 | BF15: 5279.7493 | BG15: 5302.8388 | BH15: 5324.361 | BI15: 5293.0373 | BJ15: 5317.2391 | BK15: 5344.5553 | BL15: 5317.567 | BM15: 5345.0755 | BN15: 5373.024 | BO15: 5317.567 | BP15: 5344.4075 | BQ15: 5370.0909 | BR15: 5348.516 | BS15: 5372.5332 | BT15: 5399.6067 | BU15: 5359.5945 | BV15: 5474.1749 | BW15: 5502.1036 | BX15: 5536.3117 | BY15: 5564.8017 | BZ15: 5591.2479 | CA15: 5536.3117 | CB15: 5560.9399 | CC15: 5584.4645 | CD15: 5546.7318 | CE15: 5652.2458 | CF15: 5674.9498 | CG15: 5659.033 | CH15: 5707.7475 | CI15: 5733.2865 | CJ15: 5734.7677 | CK15: 5760.456 | CL15: 5789.3343 | CM15: 5746.7915 | CN15: 5775.9814 | CO15: 5803.6536 | CP15: 5787.1409 | CQ15: 5824.7817 | CR15: 5846.4912 | CS15: 5812.1311 | CT15: 5859.9584 | CU15: 5879.4349 | CV15: 5892.9095 | CW15: 5918.9008 | CX15: 5945.682 | CY15: 5913.4832 | CZ15: 5938.2914 | DA15: 5961.2666 | DB15: 5945.1145 | DC15: 5988.8779 | DD15: 6012.8897 | DE15: 5904.174 | DF15: 5942.325 | DG15: 5968.8657 | DH15: 5975.6664 | DI15: 5998.6493 | DJ15: 6023.8833 | DK15: 5936.3718 | DL15: 5961.4818 | DM15: 5987.8529 | DN15: 5956.2561 | DO15: 5965.8165

Sheet Patrimonio (fin de mes)
A1: Patrimonio (fin de mes)
A2: Fondos de Inversión El Salvador — Todas las gestoras | Fuente: sitios oficiales de cada gestora | datos al 2026-10-11 (actualización 2026-10-11)
A3: Fondo | B3: oct-2016 | C3: nov-2016 | D3: dic-2016 | E3: ene-2017 | F3: feb-2017 | G3: mar-2017 | H3: abr-2017 | I3: may-2017 | J3: jun-2017 | K3: jul-2017 | L3: ago-2017 | M3: sep-2017 | N3: oct-2017 | O3: nov-2017 | P3: dic-2017 | Q3: ene-2018 | R3: feb-2018 | S3: mar-2018 | T3: abr-2018 | U3: may-2018 | V3: jun-2018 | W3: jul-2018 | X3: ago-2018 | Y3: sep-2018 | Z3: oct-2018 | AA3: nov-2018 | AB3: dic-2018 | AC3: ene-2019 | AD3: feb-2019 | AE3: mar-2019 | AF3: abr-2019 | AG3: may-2019 | AH3: jun-2019 | AI3: jul-2019 | AJ3: ago-2019 | AK3: sep-2019 | AL3: oct-2019 | AM3: nov-2019 | AN3: dic-2019 | AO3: ene-2020 | AP3: feb-2020 | AQ3: mar-2020 | AR3: abr-2020 | AS3: may-2020 | AT3: jun-2020 | AU3: jul-2020 | AV3: ago-2020 | AW3: sep-2020 | AX3: oct-2020 | AY3: nov-2020 | AZ3: dic-2020 | BA3: ene-2021 | BB3: feb-2021 | BC3: mar-2021 | BD3: abr-2021 | BE3: may-2021 | BF3: jun-2021 | BG3: jul-2021 | BH3: ago-2021 | BI3: sep-2021 | BJ3: oct-2021 | BK3: nov-2021 | BL3: dic-2021 | BM3: ene-2022 | BN3: feb-2022 | BO3: mar-2022 | BP3: abr-2022 | BQ3: may-2022 | BR3: jun-2022 | BS3: jul-2022 | BT3: ago-2022 | BU3: sep-2022 | BV3: oct-2022 | BW3: nov-2022 | BX3: dic-2022 | BY3: ene-2023 | BZ3: feb-2023 | CA3: mar-2023 | CB3: abr-2023 | CC3: may-2023 | CD3: jun-2023 | CE3: jul-2023 | CF3: ago-2023 | CG3: sep-2023 | CH3: oct-2023 | CI3: nov-2023 | CJ3: dic-2023 | CK3: ene-2024 | CL3: feb-2024 | CM3: mar-2024 | CN3: abr-2024 | CO3: may-2024 | CP3: jun-2024 | CQ3: jul-2024 | CR3: ago-2024 | CS3: sep-2024 | CT3: oct-2024 | CU3: nov-2024 | CV3: dic-2024 | CW3: ene-2025 | CX3: feb-2025 | CY3: mar-2025 | CZ3: abr-2025 | DA3: may-2025 | DB3: jun-2025 | DC3: jul-2025 | DD3: ago-2025 | DE3: sep-2025 | DF3: oct-2025 | DG3: nov-2025 | DH3: dic-2025 | DI3: ene-2026 | DJ3: feb-2026 | DK3: mar-2026 | DL3: abr-2026 | DM3: may-2026 | DN3: jun-2026 | DO3: jul-2026 | DP3: ago-2026 | DQ3: sep-2026 | DR3: oct-2026*
A4: Hencorp · FI Abierto Hencorp Opportunity | CC4: 1503994.7 | CD4: 1928332.3 | CE4: 3606769.4 | CF4: 7098164.7 | CG4: 10409972 | CH4: 11885615 | CI4: 13128322 | CJ4: 15296245 | CK4: 13775708 | CL4: 15487388 | CM4: 18663588 | CN4: 24448617 | CO4: 29070852 | CP4: 27254196 | CQ4: 33841877 | CR4: 33108264 | CS4: 37009004 | CT4: 41438096 | CU4: 44883885 | CV4: 58584153 | CW4: 53955392 | CX4: 68104178 | CY4: 81791519 | CZ4: 89671128 | DA4: 84856704 | DB4: 99314486 | DC4: 1.0049102e+08 | DD4: 1.1465442e+08 | DE4: 1.2153727e+08 | DF4: 1.3886524e+08 | DG4: 1.3891596e+08 | DH4: 1.5356222e+08 | DI4: 1.6046527e+08 | DJ4: 1.6249484e+08 | DK4: 179487689 | DL4: 1.8927627e+08 | DM4: 2.1768848e+08 | DN4: 2.1867738e+08 | DO4: 2.3212283e+08 | DP4: 2.4613725e+08 | DQ4: 2.3037484e+08 | DR4: 2.5994886e+08
A5: Hencorp · FIC Renta Fija I | CH5: 2.013364e+08 | CI5: 3.0332927e+08 | CJ5: 3.0541645e+08 | CK5: 4.0814037e+08 | CL5: 5.1150794e+08 | CM5: 5.6545027e+08 | CN5: 6.1980255e+08 | CO5: 6.2201563e+08 | CP5: 6.2198067e+08 | CQ5: 6.2639986e+08 | CR5: 6.3502077e+08 | CS5: 6.3507936e+08 | CT5: 6.4406238e+08 | CU5: 6.4377287e+08 | CV5: 6.4383956e+08 | CW5: 6.4841907e+08 | CX5: 6.5255951e+08 | CY5: 6.5609691e+08 | CZ5: 6.6042312e+08 | DA5: 6.5527586e+08 | DB5: 6.5779426e+08 | DC5: 6.6249261e+08 | DD5: 6.6592567e+08 | DE5: 6.6939179e+08 | DF5: 6.7375036e+08 | DG5: 6.7010925e+08 | DH5: 6.7312765e+08 | DI5: 6.8589556e+08 | DJ5: 6.8728229e+08 | DK5: 6.8730641e+08 | DL5: 6.8966958e+08 | DM5: 6.8144048e+08 | DN5: 6.8143826e+08 | DO5: 6.8625448e+08 | DP5: 6.8747197e+08 | DQ5: 6.875933e+08 | DR5: 6.8920467e+08
A6: Hencorp · FIC Inmobiliario Hencorp Growth | CM6: 14527551 | CN6: 14607154 | CO6: 14684248 | CP6: 14764066 | CQ6: 14844554 | CR6: 14590241 | CS6: 14671628 | CT6: 14752875 | CU6: 17400477 | CV6: 17495433 | CW6: 17590376 | CX6: 17682286 | CY6: 20139387 | CZ6: 22664382 | DA6: 22767866 | DB6: 22872870 | DC6: 26966872 | DD6: 27093373 | DE6: 27220071 | DF6: 27345648 | DG6: 27673608 | DH6: 26270669 | DI6: 26403805 | DJ6: 26532538 | DK6: 26827002 | DL6: 27081248 | DM6: 27199676 | DN6: 27319544 | DO6: 27442976 | DP6: 27738940 | DQ6: 30597864 | DR6: 30636516
A7: Hencorp · FIC Desarrollo Inmob. Hencorp Vivienda 01 | DB7: 2421966 | DC7: 9963944.7 | DD7: 14239024 | DE7: 14230955 | DF7: 15640161 | DG7: 15532685 | DH7: 15443479 | DI7: 15196268 | DJ7: 17572397 | DK7: 17512616 | DL7: 18871058 | DM7: 18793467 | DN7: 18696838 | DO7: 18671173 | DP7: 18660653 | DQ7: 18636547 | DR7: 18624385
A8: Hencorp · FIC Inmobiliario Hencorp Blue Whale | DE8: 3500080.5 | DF8: 3501942.6 | DG8: 4896523.4 | DH8: 4922213.2 | DI8: 4923020.5 | DJ8: 4949563.3 | DK8: 4974899 | DL8: 4885726.1 | DM8: 4911574.7 | DN8: 4923324.5 | DO8: 7642892.1 | DP8: 7634432.5 | DQ8: 9965154.1 | DR8: 9976194.1
A9: Hencorp · FIC Inmobiliario Hencorp Commercial Properties | DM9: 13000220 | DN9: 13158322 | DO9: 13317413 | DP9: 13471060 | DQ9: 13600441 | DR9: 13646050
A10: SGB · FI Abierto Rentable Corto Plazo | B10: 3820594 | C10: 9030055 | D10: 9645224.5 | E10: 15154806 | F10: 20169874 | G10: 25180617 | H10: 25988200 | I10: 27803292 | J10: 29093834 | K10: 26964836 | L10: 29228528 | M10: 30366284 | N10: 30119109 | O10: 32069817 | P10: 30081980 | Q10: 35153992 | R10: 33167089 | S10: 35371221 | T10: 34489461 | U10: 36240521 | V10: 34364578 | W10: 38102993 | X10: 38703900 | Y10: 37054734 | Z10: 36599979 | AA10: 36117553 | AB10: 37001938 | AC10: 39873021 | AD10: 42655477 | AE10: 45522451 | AF10: 38219806 | AG10: 38971501 | AH10: 39750248 | AI10: 41084989 | AJ10: 44794002 | AK10: 34746900 | AL10: 42910510 | AM10: 40121165 | AN10: 44706794 | AO10: 49682880 | AP10: 54143545 | AQ10: 41695440 | AR10: 49572454 | AS10: 57283788 | AT10: 60512142 | AU10: 60065219 | AV10: 59671805 | AW10: 53847285 | AX10: 50404280 | AY10: 66369073 | AZ10: 80052538 | BA10: 87125330 | BB10: 79478383 | BC10: 75568025 | BD10: 80181693 | BE10: 77378450 | BF10: 70458814 | BG10: 71566473 | BH10: 75295007 | BI10: 54871927 | BJ10: 63205303 | BK10: 67207144 | BL10: 64192672 | BM10: 73840292 | BN10: 71547901 | BO10: 71471916 | BP10: 72608216 | BQ10: 74992709 | BR10: 73135208 | BS10: 69823304 | BT10: 66222592 | BU10: 57416671 | BV10: 57082405 | BW10: 53422128 | BX10: 52775441 | BY10: 55489494 | BZ10: 53327304 | CA10: 50016187 | CB10: 43917825 | CC10: 51984275 | CD10: 50181066 | CE10: 53853188 | CF10: 48955744 | CG10: 49605589 | CH10: 50318234 | CI10: 50265134 | CJ10: 50417773 | CK10: 48664733 | CL10: 50950990 | CM10: 52141421 | CN10: 50301813 | CO10: 50032779 | CP10: 51896806 | CQ10: 53779355 | CR10: 51290213 | CS10: 47925838 | CT10: 50542130 | CU10: 49768453 | CV10: 53614648 | CW10: 55530070 | CX10: 53136391 | CY10: 57376916 | CZ10: 69237271 | DA10: 65757037 | DB10: 65766715 | DC10: 62652799 | DD10: 64496203 | DE10: 69704801 | DF10: 76582535 | DG10: 77381535 | DH10: 97868863 | DI10: 1.0410751e+08 | DJ10: 1.0395445e+08 | DK10: 1.0663399e+08 | DL10: 91634316 | DM10: 96546017 | DN10: 92679829 | DO10: 90502316 | DP10: 94335322 | DQ10: 91115242 | DR10: 89242967
A11: SGB · FI Abierto Plazo 180 | T11: 3167297.4 | U11: 5256053.9 | V11: 5945710.5 | W11: 6954030.1 | X11: 7889130 | Y11: 8651049.4 | Z11: 9146229.1 | AA11: 9198736.2 | AB11: 11820281 | AC11: 12495109 | AD11: 12545502 | AE11: 13061746 | AF11: 13615623 | AG11: 14255474 | AH11: 12865275 | AI11: 13501149 | AJ11: 13995688 | AK11: 15689450 | AL11: 18976681 | AM11: 19987181 | AN11: 20023908 | AO11: 20907019 | AP11: 22217974 | AQ11: 19882512 | AR11: 16678280 | AS11: 16291801 | AT11: 15805924 | AU11: 16223192 | AV11: 15468879 | AW11: 14613587 | AX11: 15416911 | AY11: 15735997 | AZ11: 15953823 | BA11: 16201139 | BB11: 16775902 | BC11: 16787373 | BD11: 17148584 | BE11: 16489426 | BF11: 16795250 | BG11: 16494809 | BH11: 16302193 | BI11: 16898344 | BJ11: 16020065 | BK11: 18035691 | BL11: 18217918 | BM11: 18309171 | BN11: 19402555 | BO11: 19551961 | BP11: 19747049 | BQ11: 18183460 | BR11: 19346621 | BS11: 19012361 | BT11: 19028664 | BU11: 19531291 | BV11: 19639308 | BW11: 20219983 | BX11: 18755630 | BY11: 17808332 | BZ11: 16628616 | CA11: 17282327 | CB11: 17254140 | CC11: 17136854 | CD11: 17245133 | CE11: 17354221 | CF11: 18169384 | CG11: 17941979 | CH11: 19041455 | CI11: 18657370 | CJ11: 18490807 | CK11: 18142959 | CL11: 18367692 | CM11: 17717824 | CN11: 18138257 | CO11: 18108450 | CP11: 17829091 | CQ11: 17611095 | CR11: 17824916 | CS11: 18451476 | CT11: 18879760 | CU11: 18909543 | CV11: 19233518 | CW11: 19437541 | CX11: 19399904 | CY11: 19281033 | CZ11: 19267486 | DA11: 20118716 | DB11: 21003312 | DC11: 24011337 | DD11: 25553330 | DE11: 25924097 | DF11: 26859877 | DG11: 29630066 | DH11: 30181849 | DI11: 34954318 | DJ11: 37779896 | DK11: 43317365 | DL11: 43055217 | DM11: 44092719 | DN11: 45570001 | DO11: 44143719 | DP11: 42241084 | DQ11: 39536722 | DR11: 39306328
A12: Atlántida · Fondo Abierto de Liquidez | R12: 352631.46 | S12: 1034111.3 | T12: 1430912.3 | U12: 1686478.9 | V12: 1687546.3 | W12: 1734421.2 | X12: 1756533.9 | Y12: 2158261.9 | Z12: 2745121.8 | AA12: 2489518.5 | AB12: 2431951.1 | AC12: 2569537.2 | AD12: 2604744 | AE12: 2469186.2 | AF12: 2391227.2 | AG12: 2089483.9 | AH12: 2354920.5 | AI12: 2507118.9 | AJ12: 2542988.8 | AK12: 2790701.8 | AL12: 3271874 | AM12: 3130270.6 | AN12: 3559674.1 | AO12: 4107060.6 | AP12: 3574290.3 | AQ12: 3795774 | AR12: 4123165.2 | AS12: 7322501.4 | AT12: 7525075.9 | AU12: 8751916.5 | AV12: 8353345.2 | AW12: 9783262.2 | AX12: 10644760 | AY12: 12634749 | AZ12: 17400564 | BA12: 19005033 | BB12: 18938505 | BC12: 21713619 | BD12: 26840650 | BE12: 25749405 | BF12: 27743168 | BG12: 30177956 | BH12: 27730473 | BI12: 24703922 | BJ12: 32392711 | BK12: 27357143 | BL12: 22141017 | BM12: 26989960 | BN12: 23146590 | BO12: 22090142 | BP12: 22418696 | BQ12: 21724792 | BR12: 17078960 | BS12: 13553434 | BT12: 12561619 | BU12: 15046119 | BV12: 15704970 | BW12: 14296652 | BX12: 13467889 | BY12: 12886164 | BZ12: 11765344 | CA12: 13647045 | CB12: 13180452 | CC12: 14463667 | CD12: 12573901 | CE12: 12919506 | CF12: 12353044 | CG12: 12098256 | CH12: 12260089 | CI12: 11847223 | CJ12: 21500981 | CK12: 21402781 | CL12: 24043213 | CM12: 26595462 | CN12: 29037308 | CO12: 30675365 | CP12: 31972026 | CQ12: 31104211 | CR12: 27920249 | CS12: 21117680 | CT12: 16826887 | CU12: 14897120 | CV12: 15218613 | CW12: 14879680 | CX12: 11488946 | CY12: 14174685 | CZ12: 15973514 | DA12: 16711132 | DB12: 19778984 | DC12: 17552609 | DD12: 19699416 | DE12: 19227451 | DF12: 27782823 | DG12: 28533550 | DH12: 44744469 | DI12: 42994995 | DJ12: 38407342 | DK12: 39239517 | DL12: 26933827 | DM12: 32180582 | DN12: 29671764 | DO12: 32192093
A13: Atlántida · Fondo de Inversion Abierto Atlantida de Renta Mixta | DF13: 640450.25 | DG13: 885955.92 | DH13: 2242306 | DI13: 2657145.4 | DJ13: 4121488.1 | DK13: 5549436.5 | DL13: 6064387 | DM13: 6661230.5 | DN13: 7615253 | DO13: 13305390
A14: Atlántida · Fondo de Inversión Abierto de Crecimiento | T14: 1166525 | U14: 1385531.2 | V14: 2190376.5 | W14: 2383826.6 | X14: 2424824.4 | Y14: 2445610.9 | Z14: 2768781.6 | AA14: 2782856.1 | AB14: 2894774.1 | AC14: 2927669.3 | AD14: 3095972.2 | AE14: 3134543.6 | AF14: 3187860 | AG14: 2929441.2 | AH14: 3142921.8 | AI14: 3552863.7 | AJ14: 4107037.8 | AK14: 4062210 | AL14: 4734711.1 | AM14: 4458322.8 | AN14: 4881713 | AO14: 5593691.9 | AP14: 6243959 | AQ14: 6683366 | AR14: 6755879.8 | AS14: 7022303.8 | AT14: 8554540 | AU14: 9166556.7 | AV14: 9251938.5 | AW14: 9623389.9 | AX14: 9778226.4 | AY14: 9954957.1 | AZ14: 11699592 | BA14: 12325700 | BB14: 17225543 | BC14: 20401272 | BD14: 20549507 | BE14: 20537763 | BF14: 19313949 | BG14: 19922077 | BH14: 16273155 | BI14: 17519297 | BJ14: 17670093 | BK14: 17433453 | BL14: 17828442 | BM14: 15429254 | BN14: 16053581 | BO14: 16148080 | BP14: 16477371 | BQ14: 16162773 | BR14: 16085697 | BS14: 16194659 | BT14: 16257344 | BU14: 16435425 | BV14: 16387051 | BW14: 16760294 | BX14: 17155046 | BY14: 16924254 | BZ14: 17557340 | CA14: 18540372 | CB14: 18872692 | CC14: 18946579 | CD14: 19367269 | CE14: 18935312 | CF14: 19264248 | CG14: 19609478 | CH14: 44204661 | CI14: 44555962 | CJ14: 59954788 | CK14: 57900206 | CL14: 58195718 | CM14: 55778643 | CN14: 61175328 | CO14: 61521107 | CP14: 61413756 | CQ14: 61276821 | CR14: 61563363 | CS14: 53656004 | CT14: 49780024 | CU14: 46425578 | CV14: 45974908 | CW14: 45632614 | CX14: 45786500 | CY14: 45426867 | CZ14: 41999510 | DA14: 38137845 | DB14: 33509857 | DC14: 29678083 | DD14: 21536957 | DE14: 21562580 | DF14: 20205838 | DG14: 20151080 | DH14: 25266105 | DI14: 25336374 | DJ14: 25267742 | DK14: 25623164 | DL14: 25755238 | DM14: 25860689 | DN14: 26580995 | DO14: 26949440
A15: Atlántida · Fondo de Inversión Cerrado Inmobiliario Atlántida Progresa + | AK15: 4035000 | AL15: 4062269.4 | AM15: 4089388.4 | AN15: 4035000 | AO15: 4061843.9 | AP15: 4088352.9 | AQ15: 4035000 | AR15: 4062051.8 | AS15: 4088639.6 | AT15: 4035000 | AU15: 4061089 | AV15: 4086488 | AW15: 4260756 | AX15: 4286391 | AY15: 4311376.2 | AZ15: 6900631 | BA15: 6940109.4 | BB15: 6976904 | BC15: 6900631 | BD15: 6930544.7 | BE15: 6957938.9 | BF15: 17935309 | BG15: 18013743 | BH15: 18086854 | BI15: 17980448 | BJ15: 33993109 | BK15: 34167742 | BL15: 38834192 | BM15: 39035086 | BN15: 39239194 | BO15: 38834192 | BP15: 39030208 | BQ15: 39722562 | BR15: 39562973 | BS15: 44876770 | BT15: 45102914 | BU15: 44768693 | BV15: 45725783 | BW15: 45959072 | BX15: 48558990 | BY15: 48808876 | BZ15: 49040836 | CA15: 48558990 | CB15: 48775004 | CC15: 56068024 | CD15: 55689187 | CE15: 56748548 | CF15: 56976496 | CG15: 56816691 | CH15: 57305785 | CI15: 57562196 | CJ15: 65055205 | CK15: 65346613 | CL15: 65674209 | CM15: 68812082 | CN15: 69161601 | CO15: 69492948 | CP15: 69295225 | CQ15: 69745936 | CR15: 70280670 | CS15: 69867628 | CT15: 70600779 | CU15: 70835432 | CV15: 70997773 | CW15: 71310917 | CX15: 71633577 | CY15: 71245645 | CZ15: 71544535 | DA15: 71821340 | DB15: 71626740 | DC15: 72154000 | DD15: 72443295 | DE15: 71133489 | DF15: 71593132 | DG15: 71912894 | DH15: 71994829 | DI15: 72271727 | DJ15: 72575746 | DK15: 71521408 | DL15: 71823933 | DM15: 72141651 | DN15: 71760974 | DO15: 71876157

Sheet Notas y metodologia
A1: Notas y metodología
A3: Fuente: sitios públicos de cada gestora (Hencorp: PDF Comportamiento Histórico; SGB: histórico CSV). Archivo regenerado automáticamente.
A4: datos al 2026-10-11 (actualización 2026-10-11).
A6: DEFINICIÓN DE 'RENDIMIENTO MENSUAL':
A7: Rendimiento del mes = (Valor cuota al cierre del mes ÷ Valor cuota al cierre del mes anterior) − 1. Es el rendimiento real de la cuota en el mes.
A8: El primer mes de cada fondo se mide desde el valor cuota inicial (base) hasta el cierre de ese mes (puede ser parcial). El año en curso es PARCIAL.
A10: ADVERTENCIA — los fondos no son directamente comparables entre sí:
A11: • Mezclan tipos (abiertos de liquidez, cerrados inmobiliarios, etc.) y bases distintas; compare rendimientos en %, no valores cuota.
A12: • Renta Fija I (Hencorp) distribuye en mayo/noviembre: su rendimiento medido desde la cuota subestima el total del partícipe.
A14: Códigos de color: azul = dato de origen extraído; verde = enlace a otra hoja; negro = fórmula.

Sheet Datos_graficas
A1: Fondo | B1: oct-2016 | C1: nov-2016 | D1: dic-2016 | E1: ene-2017 | F1: feb-2017 | G1: mar-2017 | H1: abr-2017 | I1: may-2017 | J1: jun-2017 | K1: jul-2017 | L1: ago-2017 | M1: sep-2017 | N1: oct-2017 | O1: nov-2017 | P1: dic-2017 | Q1: ene-2018 | R1: feb-2018 | S1: mar-2018 | T1: abr-2018 | U1: may-2018 | V1: jun-2018 | W1: jul-2018 | X1: ago-2018 | Y1: sep-2018 | Z1: oct-2018 | AA1: nov-2018 | AB1: dic-2018 | AC1: ene-2019 | AD1: feb-2019 | AE1: mar-2019 | AF1: abr-2019 | AG1: may-2019 | AH1: jun-2019 | AI1: jul-2019 | AJ1: ago-2019 | AK1: sep-2019 | AL1: oct-2019 | AM1: nov-2019 | AN1: dic-2019 | AO1: ene-2020 | AP1: feb-2020 | AQ1: mar-2020 | AR1: abr-2020 | AS1: may-2020 | AT1: jun-2020 | AU1: jul-2020 | AV1: ago-2020 | AW1: sep-2020 | AX1: oct-2020 | AY1: nov-2020 | AZ1: dic-2020 | BA1: ene-2021 | BB1: feb-2021 | BC1: mar-2021 | BD1: abr-2021 | BE1: may-2021 | BF1: jun-2021 | BG1: jul-2021 | BH1: ago-2021 | BI1: sep-2021 | BJ1: oct-2021 | BK1: nov-2021 | BL1: dic-2021 | BM1: ene-2022 | BN1: feb-2022 | BO1: mar-2022 | BP1: abr-2022 | BQ1: may-2022 | BR1: jun-2022 | BS1: jul-2022 | BT1: ago-2022 | BU1: sep-2022 | BV1: oct-2022 | BW1: nov-2022 | BX1: dic-2022 | BY1: ene-2023 | BZ1: feb-2023 | CA1: mar-2023 | CB1: abr-2023 | CC1: may-2023 | CD1: jun-2023 | CE1: jul-2023 | CF1: ago-2023 | CG1: sep-2023 | CH1: oct-2023 | CI1: nov-2023 | CJ1: dic-2023 | CK1: ene-2024 | CL1: feb-2024 | CM1: mar-2024 | CN1: abr-2024 | CO1: may-2024 | CP1: jun-2024 | CQ1: jul-2024 | CR1: ago-2024 | CS1: sep-2024 | CT1: oct-2024 | CU1: nov-2024 | CV1: dic-2024 | CW1: ene-2025 | CX1: feb-2025 | CY1: mar-2025 | CZ1: abr-2025 | DA1: may-2025 | DB1: jun-2025 | DC1: jul-2025 | DD1: ago-2025 | DE1: sep-2025 | DF1: oct-2025 | DG1: nov-2025 | DH1: dic-2025 | DI1: ene-2026 | DJ1: feb-2026 | DK1: mar-2026 | DL1: abr-2026 | DM1: may-2026 | DN1: jun-2026 | DO1: jul-2026 | DP1: ago-2026 | DQ1: sep-2026 | DR1: oct-2026*
A2: Hencorp · Abierto Hencorp Opportunity | CC2: 1503994.7 | CD2: 1928332.3 | CE2: 3606769.4 | CF2: 7098164.7 | CG2: 10409972 | CH2: 11885615 | CI2: 13128322 | CJ2: 15296245 | CK2: 13775708 | CL2: 15487388 | CM2: 18663588 | CN2: 24448617 | CO2: 29070852 | CP2: 27254196 | CQ2: 33841877 | CR2: 33108264 | CS2: 37009004 | CT2: 41438096 | CU2: 44883885 | CV2: 58584153 | CW2: 53955392 | CX2: 68104178 | CY2: 81791519 | CZ2: 89671128 | DA2: 84856704 | DB2: 99314486 | DC2: 1.0049102e+08 | DD2: 1.1465442e+08 | DE2: 1.2153727e+08 | DF2: 1.3886524e+08 | DG2: 1.3891596e+08 | DH2: 1.5356222e+08 | DI2: 1.6046527e+08 | DJ2: 1.6249484e+08 | DK2: 179487689 | DL2: 1.8927627e+08 | DM2: 2.1768848e+08 | DN2: 2.1867738e+08 | DO2: 2.3212283e+08 | DP2: 2.4613725e+08 | DQ2: 2.3037484e+08 | DR2: 2.5994886e+08
A3: Hencorp · Renta Fija I | CH3: 2.013364e+08 | CI3: 3.0332927e+08 | CJ3: 3.0541645e+08 | CK3: 4.0814037e+08 | CL3: 5.1150794e+08 | CM3: 5.6545027e+08 | CN3: 6.1980255e+08 | CO3: 6.2201563e+08 | CP3: 6.2198067e+08 | CQ3: 6.2639986e+08 | CR3: 6.3502077e+08 | CS3: 6.3507936e+08 | CT3: 6.4406238e+08 | CU3: 6.4377287e+08 | CV3: 6.4383956e+08 | CW3: 6.4841907e+08 | CX3: 6.5255951e+08 | CY3: 6.5609691e+08 | CZ3: 6.6042312e+08 | DA3: 6.5527586e+08 | DB3: 6.5779426e+08 | DC3: 6.6249261e+08 | DD3: 6.6592567e+08 | DE3: 6.6939179e+08 | DF3: 6.7375036e+08 | DG3: 6.7010925e+08 | DH3: 6.7312765e+08 | DI3: 6.8589556e+08 | DJ3: 6.8728229e+08 | DK3: 6.8730641e+08 | DL3: 6.8966958e+08 | DM3: 6.8144048e+08 | DN3: 6.8143826e+08 | DO3: 6.8625448e+08 | DP3: 6.8747197e+08 | DQ3: 6.875933e+08 | DR3: 6.8920467e+08
A4: Hencorp · Inmobiliario Hencorp Growth | CM4: 14527551 | CN4: 14607154 | CO4: 14684248 | CP4: 14764066 | CQ4: 14844554 | CR4: 14590241 | CS4: 14671628 | CT4: 14752875 | CU4: 17400477 | CV4: 17495433 | CW4: 17590376 | CX4: 17682286 | CY4: 20139387 | CZ4: 22664382 | DA4: 22767866 | DB4: 22872870 | DC4: 26966872 | DD4: 27093373 | DE4: 27220071 | DF4: 27345648 | DG4: 27673608 | DH4: 26270669 | DI4: 26403805 | DJ4: 26532538 | DK4: 26827002 | DL4: 27081248 | DM4: 27199676 | DN4: 27319544 | DO4: 27442976 | DP4: 27738940 | DQ4: 30597864 | DR4: 30636516
A5: Hencorp · Desarrollo Inmob. Hencorp Vivienda 01 | DB5: 2421966 | DC5: 9963944.7 | DD5: 14239024 | DE5: 14230955 | DF5: 15640161 | DG5: 15532685 | DH5: 15443479 | DI5: 15196268 | DJ5: 17572397 | DK5: 17512616 | DL5: 18871058 | DM5: 18793467 | DN5: 18696838 | DO5: 18671173 | DP5: 18660653 | DQ5: 18636547 | DR5: 18624385
A6: Hencorp · Inmobiliario Hencorp Blue Whale | DE6: 3500080.5 | DF6: 3501942.6 | DG6: 4896523.4 | DH6: 4922213.2 | DI6: 4923020.5 | DJ6: 4949563.3 | DK6: 4974899 | DL6: 4885726.1 | DM6: 4911574.7 | DN6: 4923324.5 | DO6: 7642892.1 | DP6: 7634432.5 | DQ6: 9965154.1 | DR6: 9976194.1
A7: Hencorp · Inmobiliario Hencorp Commercial Properties | DM7: 13000220 | DN7: 13158322 | DO7: 13317413 | DP7: 13471060 | DQ7: 13600441 | DR7: 13646050
A8: SGB · Abierto Rentable Corto Plazo | B8: 3820594 | C8: 9030055 | D8: 9645224.5 | E8: 15154806 | F8: 20169874 | G8: 25180617 | H8: 25988200 | I8: 27803292 | J8: 29093834 | K8: 26964836 | L8: 29228528 | M8: 30366284 | N8: 30119109 | O8: 32069817 | P8: 30081980 | Q8: 35153992 | R8: 33167089 | S8: 35371221 | T8: 34489461 | U8: 36240521 | V8: 34364578 | W8: 38102993 | X8: 38703900 | Y8: 37054734 | Z8: 36599979 | AA8: 36117553 | AB8: 37001938 | AC8: 39873021 | AD8: 42655477 | AE8: 45522451 | AF8: 38219806 | AG8: 38971501 | AH8: 39750248 | AI8: 41084989 | AJ8: 44794002 | AK8: 34746900 | AL8: 42910510 | AM8: 40121165 | AN8: 44706794 | AO8: 49682880 | AP8: 54143545 | AQ8: 41695440 | AR8: 49572454 | AS8: 57283788 | AT8: 60512142 | AU8: 60065219 | AV8: 59671805 | AW8: 53847285 | AX8: 50404280 | AY8: 66369073 | AZ8: 80052538 | BA8: 87125330 | BB8: 79478383 | BC8: 75568025 | BD8: 80181693 | BE8: 77378450 | BF8: 70458814 | BG8: 71566473 | BH8: 75295007 | BI8: 54871927 | BJ8: 63205303 | BK8: 67207144 | BL8: 64192672 | BM8: 73840292 | BN8: 71547901 | BO8: 71471916 | BP8: 72608216 | BQ8: 74992709 | BR8: 73135208 | BS8: 69823304 | BT8: 66222592 | BU8: 57416671 | BV8: 57082405 | BW8: 53422128 | BX8: 52775441 | BY8: 55489494 | BZ8: 53327304 | CA8: 50016187 | CB8: 43917825 | CC8: 51984275 | CD8: 50181066 | CE8: 53853188 | CF8: 48955744 | CG8: 49605589 | CH8: 50318234 | CI8: 50265134 | CJ8: 50417773 | CK8: 48664733 | CL8: 50950990 | CM8: 52141421 | CN8: 50301813 | CO8: 50032779 | CP8: 51896806 | CQ8: 53779355 | CR8: 51290213 | CS8: 47925838 | CT8: 50542130 | CU8: 49768453 | CV8: 53614648 | CW8: 55530070 | CX8: 53136391 | CY8: 57376916 | CZ8: 69237271 | DA8: 65757037 | DB8: 65766715 | DC8: 62652799 | DD8: 64496203 | DE8: 69704801 | DF8: 76582535 | DG8: 77381535 | DH8: 97868863 | DI8: 1.0410751e+08 | DJ8: 1.0395445e+08 | DK8: 1.0663399e+08 | DL8: 91634316 | DM8: 96546017 | DN8: 92679829 | DO8: 90502316 | DP8: 94335322 | DQ8: 91115242 | DR8: 89242967
A9: SGB · Abierto Plazo 180 | T9: 3167297.4 | U9: 5256053.9 | V9: 5945710.5 | W9: 6954030.1 | X9: 7889130 | Y9: 8651049.4 | Z9: 9146229.1 | AA9: 9198736.2 | AB9: 11820281 | AC9: 12495109 | AD9: 12545502 | AE9: 13061746 | AF9: 13615623 | AG9: 14255474 | AH9: 12865275 | AI9: 13501149 | AJ9: 13995688 | AK9: 15689450 | AL9: 18976681 | AM9: 19987181 | AN9: 20023908 | AO9: 20907019 | AP9: 22217974 | AQ9: 19882512 | AR9: 16678280 | AS9: 16291801 | AT9: 15805924 | AU9: 16223192 | AV9: 15468879 | AW9: 14613587 | AX9: 15416911 | AY9: 15735997 | AZ9: 15953823 | BA9: 16201139 | BB9: 16775902 | BC9: 16787373 | BD9: 17148584 | BE9: 16489426 | BF9: 16795250 | BG9: 16494809 | BH9: 16302193 | BI9: 16898344 | BJ9: 16020065 | BK9: 18035691 | BL9: 18217918 | BM9: 18309171 | BN9: 19402555 | BO9: 19551961 | BP9: 19747049 | BQ9: 18183460 | BR9: 19346621 | BS9: 19012361 | BT9: 19028664 | BU9: 19531291 | BV9: 19639308 | BW9: 20219983 | BX9: 18755630 | BY9: 17808332 | BZ9: 16628616 | CA9: 17282327 | CB9: 17254140 | CC9: 17136854 | CD9: 17245133 | CE9: 17354221 | CF9: 18169384 | CG9: 17941979 | CH9: 19041455 | CI9: 18657370 | CJ9: 18490807 | CK9: 18142959 | CL9: 18367692 | CM9: 17717824 | CN9: 18138257 | CO9: 18108450 | CP9: 17829091 | CQ9: 17611095 | CR9: 17824916 | CS9: 18451476 | CT9: 18879760 | CU9: 18909543 | CV9: 19233518 | CW9: 19437541 | CX9: 19399904 | CY9: 19281033 | CZ9: 19267486 | DA9: 20118716 | DB9: 21003312 | DC9: 24011337 | DD9: 25553330 | DE9: 25924097 | DF9: 26859877 | DG9: 29630066 | DH9: 30181849 | DI9: 34954318 | DJ9: 37779896 | DK9: 43317365 | DL9: 43055217 | DM9: 44092719 | DN9: 45570001 | DO9: 44143719 | DP9: 42241084 | DQ9: 39536722 | DR9: 39306328
A10: Fondo | B10: 2016 | C10: 2017 | D10: 2018 | E10: 2019 | F10: 2020 | G10: 2021 | H10: 2022 | I10: 2023 | J10: 2024 | K10: 2025 | L10: 2026 | R10: 352631.46 | S10: 1034111.3 | T10: 1430912.3 | U10: 1686478.9 | V10: 1687546.3 | W10: 1734421.2 | X10: 1756533.9 | Y10: 2158261.9 | Z10: 2745121.8 | AA10: 2489518.5 | AB10: 2431951.1 | AC10: 2569537.2 | AD10: 2604744 | AE10: 2469186.2 | AF10: 2391227.2 | AG10: 2089483.9 | AH10: 2354920.5 | AI10: 2507118.9 | AJ10: 2542988.8 | AK10: 2790701.8 | AL10: 3271874 | AM10: 3130270.6 | AN10: 3559674.1 | AO10: 4107060.6 | AP10: 3574290.3 | AQ10: 3795774 | AR10: 4123165.2 | AS10: 7322501.4 | AT10: 7525075.9 | AU10: 8751916.5 | AV10: 8353345.2 | AW10: 9783262.2 | AX10: 10644760 | AY10: 12634749 | AZ10: 17400564 | BA10: 19005033 | BB10: 18938505 | BC10: 21713619 | BD10: 26840650 | BE10: 25749405 | BF10: 27743168 | BG10: 30177956 | BH10: 27730473 | BI10: 24703922 | BJ10: 32392711 | BK10: 27357143 | BL10: 22141017 | BM10: 26989960 | BN10: 23146590 | BO10: 22090142 | BP10: 22418696 | BQ10: 21724792 | BR10: 17078960 | BS10: 13553434 | BT10: 12561619 | BU10: 15046119 | BV10: 15704970 | BW10: 14296652 | BX10: 13467889 | BY10: 12886164 | BZ10: 11765344 | CA10: 13647045 | CB10: 13180452 | CC10: 14463667 | CD10: 12573901 | CE10: 12919506 | CF10: 12353044 | CG10: 12098256 | CH10: 12260089 | CI10: 11847223 | CJ10: 21500981 | CK10: 21402781 | CL10: 24043213 | CM10: 26595462 | CN10: 29037308 | CO10: 30675365 | CP10: 31972026 | CQ10: 31104211 | CR10: 27920249 | CS10: 21117680 | CT10: 16826887 | CU10: 14897120 | CV10: 15218613 | CW10: 14879680 | CX10: 11488946 | CY10: 14174685 | CZ10: 15973514 | DA10: 16711132 | DB10: 19778984 | DC10: 17552609 | DD10: 19699416 | DE10: 19227451 | DF10: 27782823 | DG10: 28533550 | DH10: 44744469 | DI10: 42994995 | DJ10: 38407342 | DK10: 39239517 | DL10: 26933827 | DM10: 32180582 | DN10: 29671764 | DO10: 32192093
A11: Hencorp · Abierto Hencorp Opportunity | I11: 15296245 | J11: 58584153 | K11: 1.5356222e+08 | L11: 2.5994886e+08 | DF11: 640450.25 | DG11: 885955.92 | DH11: 2242306 | DI11: 2657145.4 | DJ11: 4121488.1 | DK11: 5549436.5 | DL11: 6064387 | DM11: 6661230.5 | DN11: 7615253 | DO11: 13305390
A12: Hencorp · Renta Fija I | I12: 3.0541645e+08 | J12: 6.4383956e+08 | K12: 6.7312765e+08 | L12: 6.8920467e+08 | T12: 1166525 | U12: 1385531.2 | V12: 2190376.5 | W12: 2383826.6 | X12: 2424824.4 | Y12: 2445610.9 | Z12: 2768781.6 | AA12: 2782856.1 | AB12: 2894774.1 | AC12: 2927669.3 | AD12: 3095972.2 | AE12: 3134543.6 | AF12: 3187860 | AG12: 2929441.2 | AH12: 3142921.8 | AI12: 3552863.7 | AJ12: 4107037.8 | AK12: 4062210 | AL12: 4734711.1 | AM12: 4458322.8 | AN12: 4881713 | AO12: 5593691.9 | AP12: 6243959 | AQ12: 6683366 | AR12: 6755879.8 | AS12: 7022303.8 | AT12: 8554540 | AU12: 9166556.7 | AV12: 9251938.5 | AW12: 9623389.9 | AX12: 9778226.4 | AY12: 9954957.1 | AZ12: 11699592 | BA12: 12325700 | BB12: 17225543 | BC12: 20401272 | BD12: 20549507 | BE12: 20537763 | BF12: 19313949 | BG12: 19922077 | BH12: 16273155 | BI12: 17519297 | BJ12: 17670093 | BK12: 17433453 | BL12: 17828442 | BM12: 15429254 | BN12: 16053581 | BO12: 16148080 | BP12: 16477371 | BQ12: 16162773 | BR12: 16085697 | BS12: 16194659 | BT12: 16257344 | BU12: 16435425 | BV12: 16387051 | BW12: 16760294 | BX12: 17155046 | BY12: 16924254 | BZ12: 17557340 | CA12: 18540372 | CB12: 18872692 | CC12: 18946579 | CD12: 19367269 | CE12: 18935312 | CF12: 19264248 | CG12: 19609478 | CH12: 44204661 | CI12: 44555962 | CJ12: 59954788 | CK12: 57900206 | CL12: 58195718 | CM12: 55778643 | CN12: 61175328 | CO12: 61521107 | CP12: 61413756 | CQ12: 61276821 | CR12: 61563363 | CS12: 53656004 | CT12: 49780024 | CU12: 46425578 | CV12: 45974908 | CW12: 45632614 | CX12: 45786500 | CY12: 45426867 | CZ12: 41999510 | DA12: 38137845 | DB12: 33509857 | DC12: 29678083 | DD12: 21536957 | DE12: 21562580 | DF12: 20205838 | DG12: 20151080 | DH12: 25266105 | DI12: 25336374 | DJ12: 25267742 | DK12: 25623164 | DL12: 25755238 | DM12: 25860689 | DN12: 26580995 | DO12: 26949440
A13: Hencorp · Inmobiliario Hencorp Growth | J13: 17495433 | K13: 26270669 | L13: 30636516 | AK13: 4035000 | AL13: 4062269.4 | AM13: 4089388.4 | AN13: 4035000 | AO13: 4061843.9 | AP13: 4088352.9 | AQ13: 4035000 | AR13: 4062051.8 | AS13: 4088639.6 | AT13: 4035000 | AU13: 4061089 | AV13: 4086488 | AW13: 4260756 | AX13: 4286391 | AY13: 4311376.2 | AZ13: 6900631 | BA13: 6940109.4 | BB13: 6976904 | BC13: 6900631 | BD13: 6930544.7 | BE13: 6957938.9 | BF13: 17935309 | BG13: 18013743 | BH13: 18086854 | BI13: 17980448 | BJ13: 33993109 | BK13: 34167742 | BL13: 38834192 | BM13: 39035086 | BN13: 39239194 | BO13: 38834192 | BP13: 39030208 | BQ13: 39722562 | BR13: 39562973 | BS13: 44876770 | BT13: 45102914 | BU13: 44768693 | BV13: 45725783 | BW13: 45959072 | BX13: 48558990 | BY13: 48808876 | BZ13: 49040836 | CA13: 48558990 | CB13: 48775004 | CC13: 56068024 | CD13: 55689187 | CE13: 56748548 | CF13: 56976496 | CG13: 56816691 | CH13: 57305785 | CI13: 57562196 | CJ13: 65055205 | CK13: 65346613 | CL13: 65674209 | CM13: 68812082 | CN13: 69161601 | CO13: 69492948 | CP13: 69295225 | CQ13: 69745936 | CR13: 70280670 | CS13: 69867628 | CT13: 70600779 | CU13: 70835432 | CV13: 70997773 | CW13: 71310917 | CX13: 71633577 | CY13: 71245645 | CZ13: 71544535 | DA13: 71821340 | DB13: 71626740 | DC13: 72154000 | DD13: 72443295 | DE13: 71133489 | DF13: 71593132 | DG13: 71912894 | DH13: 71994829 | DI13: 72271727 | DJ13: 72575746 | DK13: 71521408 | DL13: 71823933 | DM13: 72141651 | DN13: 71760974 | DO13: 71876157
A14: Hencorp · Desarrollo Inmob. Hencorp Vivienda 01 | K14: 15443479 | L14: 18624385
A15: Hencorp · Inmobiliario Hencorp Blue Whale | K15: 4922213.2 | L15: 9976194.1
A16: Hencorp · Inmobiliario Hencorp Commercial Properties | L16: 13646050
A17: SGB · Abierto Rentable Corto Plazo | B17: 9645224.5 | C17: 30081980 | D17: 37001938 | E17: 44706794 | F17: 80052538 | G17: 64192672 | H17: 52775441 | I17: 50417773 | J17: 53614648 | K17: 97868863 | L17: 89242967
A18: SGB · Abierto Plazo 180 | D18: 11820281 | E18: 20023908 | F18: 15953823 | G18: 18217918 | H18: 18755630 | I18: 18490807 | J18: 19233518 | K18: 30181849 | L18: 39306328
A19: Fondo | B19: oct-2016 | C19: nov-2016 | D19: dic-2016 | E19: ene-2017 | F19: feb-2017 | G19: mar-2017 | H19: abr-2017 | I19: may-2017 | J19: jun-2017 | K19: jul-2017 | L19: ago-2017 | M19: sep-2017 | N19: oct-2017 | O19: nov-2017 | P19: dic-2017 | Q19: ene-2018 | R19: feb-2018 | S19: mar-2018 | T19: abr-2018 | U19: may-2018 | V19: jun-2018 | W19: jul-2018 | X19: ago-2018 | Y19: sep-2018 | Z19: oct-2018 | AA19: nov-2018 | AB19: dic-2018 | AC19: ene-2019 | AD19: feb-2019 | AE19: mar-2019 | AF19: abr-2019 | AG19: may-2019 | AH19: jun-2019 | AI19: jul-2019 | AJ19: ago-2019 | AK19: sep-2019 | AL19: oct-2019 | AM19: nov-2019 | AN19: dic-2019 | AO19: ene-2020 | AP19: feb-2020 | AQ19: mar-2020 | AR19: abr-2020 | AS19: may-2020 | AT19: jun-2020 | AU19: jul-2020 | AV19: ago-2020 | AW19: sep-2020 | AX19: oct-2020 | AY19: nov-2020 | AZ19: dic-2020 | BA19: ene-2021 | BB19: feb-2021 | BC19: mar-2021 | BD19: abr-2021 | BE19: may-2021 | BF19: jun-2021 | BG19: jul-2021 | BH19: ago-2021 | BI19: sep-2021 | BJ19: oct-2021 | BK19: nov-2021 | BL19: dic-2021 | BM19: ene-2022 | BN19: feb-2022 | BO19: mar-2022 | BP19: abr-2022 | BQ19: may-2022 | BR19: jun-2022 | BS19: jul-2022 | BT19: ago-2022 | BU19: sep-2022 | BV19: oct-2022 | BW19: nov-2022 | BX19: dic-2022 | BY19: ene-2023 | BZ19: feb-2023 | CA19: mar-2023 | CB19: abr-2023 | CC19: may-2023 | CD19: jun-2023 | CE19: jul-2023 | CF19: ago-2023 | CG19: sep-2023 | CH19: oct-2023 | CI19: nov-2023 | CJ19: dic-2023 | CK19: ene-2024 | CL19: feb-2024 | CM19: mar-2024 | CN19: abr-2024 | CO19: may-2024 | CP19: jun-2024 | CQ19: jul-2024 | CR19: ago-2024 | CS19: sep-2024 | CT19: oct-2024 | CU19: nov-2024 | CV19: dic-2024 | CW19: ene-2025 | CX19: feb-2025 | CY19: mar-2025 | CZ19: abr-2025 | DA19: may-2025 | DB19: jun-2025 | DC19: jul-2025 | DD19: ago-2025 | DE19: sep-2025 | DF19: oct-2025 | DG19: nov-2025 | DH19: dic-2025 | DI19: ene-2026 | DJ19: feb-2026 | DK19: mar-2026 | DL19: abr-2026 | DM19: may-2026 | DN19: jun-2026 | DO19: jul-2026 | DP19: ago-2026 | DQ19: sep-2026 | DR19: oct-2026*
A20: Hencorp · Abierto Hencorp Opportunity | K20: 2242306 | CC20: 0.004232 | CD20: 0.004268 | CE20: 0.004312 | CF20: 0.004452 | CG20: 0.004357 | CH20: 0.004481 | CI20: 0.004186 | CJ20: 0.005107 | CK20: 0.004497 | CL20: 0.004123 | CM20: 0.004325 | CN20: 0.004305 | CO20: 0.005014 | CP20: 0.004571 | CQ20: 0.004462 | CR20: 0.004399 | CS20: 0.004251 | CT20: 0.004671 | CU20: 0.004197 | CV20: 0.004426 | CW20: 0.004384 | CX20: 0.003921 | CY20: 0.004459 | CZ20: 0.004442 | DA20: 0.004412 | DB20: 0.004209 | DC20: 0.004395 | DD20: 0.004293 | DE20: 0.004125 | DF20: 0.004002 | DG20: 0.003691 | DH20: 0.004057 | DI20: 0.003953 | DJ20: 0.003734 | DK20: 0.004085 | DL20: 0.003934 | DM20: 0.003951 | DN20: 0.003825 | DO20: 0.003993 | DP20: 0.004052 | DQ20: 0.003787 | DR20: 0.001318
A21: Hencorp · Renta Fija I | D21: 2894774.1 | E21: 4881713 | F21: 11699592 | G21: 17828442 | H21: 17155046 | I21: 59954788 | J21: 45974908 | K21: 25266105 | CH21: 0.004091 | CI21: 0.00689 | CJ21: 0.006881 | CK21: 0.00705 | CL21: 0.006886 | CM21: 0.007116 | CN21: 0.007121 | CO21: -0.007786 | CP21: -5.6e-05 | CQ21: 0.007105 | CR21: 0.002546 | CS21: 9.2e-05 | CT21: 0.007011 | CU21: -0.016049 | CV21: 0.000104 | CW21: 0.007113 | CX21: 0.001726 | CY21: 3.4e-05 | CZ21: 0.003866 | DA21: -0.012378 | DB21: 1.2e-05 | DC21: 0.007143 | DD21: 0.002133 | DE21: 4.7e-05 | DF21: 0.003496 | DG21: -0.01213 | DH21: -2.2e-05 | DI21: 0.007062 | DJ21: 0.002022 | DK21: 3.5e-05 | DL21: 0.003438 | DM21: -0.011932 | DN21: -3e-06 | DO21: 0.007068 | DP21: 0.001774 | DQ21: 0.000176 | DR21: 0.002343
A22: Hencorp · Inmobiliario Hencorp Growth | E22: 4035000 | F22: 6900631 | G22: 38834192 | H22: 48558990 | I22: 65055205 | J22: 70997773 | K22: 71994829 | CM22: 0.001831 | CN22: 0.005479 | CO22: 0.005278 | CP22: 0.005436 | CQ22: 0.005452 | CR22: -0.017132 | CS22: 0.005578 | CT22: 0.005538 | CU22: 0.00555 | CV22: 0.005457 | CW22: 0.005427 | CX22: 0.005225 | CY22: 0.138958 | CZ22: 0.004066 | DA22: 0.004566 | DB22: 0.004612 | DC22: 0.003987 | DD22: 0.004691 | DE22: 0.004676 | DF22: 0.004613 | DG22: 0.011993 | DH22: -0.050696 | DI22: 0.005068 | DJ22: 0.004876 | DK22: 0.011098 | DL22: 0.009477 | DM22: 0.004373 | DN22: 0.004407 | DO22: 0.004518 | DP22: 0.010785 | DQ22: 0.004324 | DR22: 0.001263
A23: Hencorp · Desarrollo Inmob. Hencorp Vivienda 01 | DB23: -0.003306 | DC23: -0.00329 | DD23: -0.001781 | DE23: -0.000567 | DF23: -0.006992 | DG23: -0.006872 | DH23: -0.005743 | DI23: -0.016007 | DJ23: 0.156363 | DK23: -0.003402 | DL23: 0.077569 | DM23: -0.004112 | DN23: -0.005142 | DO23: -0.001373 | DP23: -0.000563 | DQ23: -0.001292 | DR23: -0.000653
A24: Hencorp · Inmobiliario Hencorp Blue Whale | DE24: 2.3e-05 | DF24: 0.000532 | DG24: 0.007163 | DH24: 0.005247 | DI24: 0.000164 | DJ24: 0.005392 | DK24: 0.005119 | DL24: -0.017925 | DM24: 0.005291 | DN24: 0.002392 | DO24: -0.008669 | DP24: -0.001107 | DQ24: 0.008423 | DR24: 0.001108
A25: Hencorp · Inmobiliario Hencorp Commercial Properties | DM25: 0.003878 | DN25: 0.012162 | DO25: 0.01209 | DP25: 0.011537 | DQ25: 0.009604 | DR25: 0.003354
A26: SGB · Abierto Rentable Corto Plazo | B26: 0.001846 | C26: 0.00287 | D26: 0.002953 | E26: 0.0029 | F26: 0.002591 | G26: 0.002744 | H26: 0.002651 | I26: 0.002826 | J26: 0.00277 | K26: 0.002932 | L26: 0.002862 | M26: 0.002742 | N26: 0.002949 | O26: 0.002803 | P26: 0.002897 | Q26: 0.002831 | R26: 0.002585 | S26: 0.002902 | T26: 0.002825 | U26: 0.002874 | V26: 0.002777 | W26: 0.002809 | X26: 0.002801 | Y26: 0.00275 | Z26: 0.002901 | AA26: 0.002833 | AB26: 0.002927 | AC26: 0.002829 | AD26: 0.002473 | AE26: 0.002818 | AF26: 0.002815 | AG26: 0.002958 | AH26: 0.002786 | AI26: 0.00283 | AJ26: 0.002864 | AK26: 0.002674 | AL26: 0.002816 | AM26: 0.002662 | AN26: 0.002968 | AO26: 0.002709 | AP26: 0.002529 | AQ26: 0.00263 | AR26: 0.002784 | AS26: 0.002567 | AT26: 0.002439 | AU26: 0.002343 | AV26: 0.002556 | AW26: 0.002557 | AX26: 0.002684 | AY26: 0.002493 | AZ26: 0.002469 | BA26: 0.002375 | BB26: 0.002147 | BC26: 0.002463 | BD26: 0.002379 | BE26: 0.002493 | BF26: 0.002503 | BG26: 0.002457 | BH26: 0.002385 | BI26: 0.002468 | BJ26: 0.002541 | BK26: 0.002436 | BL26: 0.002499 | BM26: 0.002432 | BN26: 0.002203 | BO26: 0.002451 | BP26: 0.002369 | BQ26: 0.002552 | BR26: 0.002474 | BS26: 0.002571 | BT26: 0.002658 | BU26: 0.002633 | BV26: 0.00269 | BW26: 0.00259 | BX26: 0.002649 | BY26: 0.002657 | BZ26: 0.002405 | CA26: 0.002952 | CB26: 0.002912 | CC26: 0.003007 | CD26: 0.002881 | CE26: 0.003101 | CF26: 0.003358 | CG26: 0.003303 | CH26: 0.003454 | CI26: 0.00334 | CJ26: 0.003696 | CK26: 0.003512 | CL26: 0.003293 | CM26: 0.003522 | CN26: 0.003417 | CO26: 0.003606 | CP26: 0.003429 | CQ26: 0.003568 | CR26: 0.003649 | CS26: 0.003542 | CT26: 0.00372 | CU26: 0.0036 | CV26: 0.003668 | CW26: 0.003751 | CX26: 0.003385 | CY26: 0.003691 | CZ26: 0.003427 | DA26: 0.003658 | DB26: 0.003526 | DC26: 0.003636 | DD26: 0.003587 | DE26: 0.003521 | DF26: 0.003445 | DG26: 0.00336 | DH26: 0.00337 | DI26: 0.003393 | DJ26: 0.003044 | DK26: 0.003352 | DL26: 0.003222 | DM26: 0.003362 | DN26: 0.003284 | DO26: 0.003261 | DP26: 0.003476 | DQ26: 0.003456 | DR26: 0.001255
A27: SGB · Abierto Plazo 180 | T27: 0.002736 | U27: 0.004382 | V27: 0.004264 | W27: 0.004384 | X27: 0.004397 | Y27: 0.004243 | Z27: 0.00442 | AA27: 0.004308 | AB27: 0.004437 | AC27: 0.004423 | AD27: 0.00396 | AE27: 0.004439 | AF27: 0.004271 | AG27: 0.004431 | AH27: 0.004268 | AI27: 0.004423 | AJ27: 0.004436 | AK27: 0.004292 | AL27: 0.004393 | AM27: 0.004227 | AN27: 0.004582 | AO27: 0.004303 | AP27: 0.004195 | AQ27: 0.004293 | AR27: 0.004132 | AS27: 0.00433 | AT27: 0.004129 | AU27: 0.003594 | AV27: 0.004256 | AW27: 0.004201 | AX27: 0.004346 | AY27: 0.004098 | AZ27: 0.004207 | BA27: 0.00415 | BB27: 0.003816 | BC27: 0.004156 | BD27: 0.004 | BE27: 0.004247 | BF27: 0.004219 | BG27: 0.004054 | BH27: 0.004157 | BI27: 0.004023 | BJ27: 0.004347 | BK27: 0.004125 | BL27: 0.004256 | BM27: 0.004045 | BN27: 0.003629 | BO27: 0.004037 | BP27: 0.003925 | BQ27: 0.004052 | BR27: 0.003903 | BS27: 0.004103 | BT27: 0.004072 | BU27: 0.003931 | BV27: 0.004006 | BW27: 0.003858 | BX27: 0.003999 | BY27: 0.004009 | BZ27: 0.003816 | CA27: 0.004529 | CB27: 0.004474 | CC27: 0.004565 | CD27: 0.004372 | CE27: 0.004555 | CF27: 0.004896 | CG27: 0.004826 | CH27: 0.00497 | CI27: 0.004838 | CJ27: 0.005022 | CK27: 0.005077 | CL27: 0.004693 | CM27: 0.005091 | CN27: 0.004901 | CO27: 0.005206 | CP27: 0.005054 | CQ27: 0.005225 | CR27: 0.005239 | CS27: 0.005112 | CT27: 0.005415 | CU27: 0.005125 | CV27: 0.005182 | CW27: 0.005379 | CX27: 0.004853 | CY27: 0.005448 | CZ27: 0.005337 | DA27: 0.005408 | DB27: 0.005257 | DC27: 0.005292 | DD27: 0.00518 | DE27: 0.005313 | DF27: 0.005416 | DG27: 0.004998 | DH27: 0.0051 | DI27: 0.004976 | DJ27: 0.004337 | DK27: 0.004737 | DL27: 0.004648 | DM27: 0.00475 | DN27: 0.004541 | DO27: 0.004539 | DP27: 0.004429 | DQ27: 0.004436 | DR27: 0.001644
A28: Atlántida · Fondo Abierto de Liquidez | R28: 0.002706 | S28: 0.003289 | T28: 0.002953 | U28: 0.00305 | V28: 0.002959 | W28: 0.00304 | X28: 0.00301 | Y28: 0.002919 | Z28: 0.002941 | AA28: 0.002809 | AB28: 0.002811 | AC28: 0.0028 | AD28: 0.00259 | AE28: 0.002865 | AF28: 0.002696 | AG28: 0.002787 | AH28: 0.002738 | AI28: 0.002839 | AJ28: 0.002869 | AK28: 0.002633 | AL28: 0.002711 | AM28: 0.002659 | AN28: 0.002835 | AO28: 0.002749 | AP28: 0.002637 | AQ28: 0.002766 | AR28: 0.002664 | AS28: 0.002814 | AT28: 0.002861 | AU28: 0.002783 | AV28: 0.002738 | AW28: 0.002587 | AX28: 0.00283 | AY28: 0.002744 | AZ28: 0.00273 | BA28: 0.002668 | BB28: 0.002354 | BC28: 0.002489 | BD28: 0.002478 | BE28: 0.002348 | BF28: 0.0025 | BG28: 0.002557 | BH28: 0.002616 | BI28: 0.002444 | BJ28: 0.002448 | BK28: 0.002366 | BL28: 0.002599 | BM28: 0.001916 | BN28: 0.002225 | BO28: 0.002599 | BP28: 0.002303 | BQ28: 0.002338 | BR28: 0.002444 | BS28: 0.002218 | BT28: 0.002531 | BU28: 0.002864 | BV28: 0.002597 | BW28: 0.003196 | BX28: 0.002395 | BY28: 0.003378 | BZ28: 0.002855 | CA28: 0.003001 | CB28: 0.002892 | CC28: 0.002846 | CD28: 0.002785 | CE28: 0.003219 | CF28: 0.003112 | CG28: 0.002696 | CH28: 0.002805 | CI28: 0.002379 | CJ28: 0.004164 | CK28: 0.004442 | CL28: 0.003426 | CM28: 0.003876 | CN28: 0.003624 | CO28: 0.003692 | CP28: 0.003367 | CQ28: 0.003834 | CR28: 0.003783 | CS28: 0.003296 | CT28: 0.003244 | CU28: 0.00312 | CV28: 0.003776 | CW28: 0.003482 | CX28: 0.003131 | CY28: 0.003465 | CZ28: 0.002908 | DA28: 0.003763 | DB28: 0.00353 | DC28: 0.003779 | DD28: 0.003742 | DE28: 0.003631 | DF28: 0.003397 | DG28: 0.003158 | DH28: 0.003041 | DI28: 0.003336 | DJ28: 0.003048 | DK28: 0.003474 | DL28: 0.003469 | DM28: 0.003301 | DN28: 0.003241 | DO28: 0.001419
A29: Atlántida · Fondo de Inversion Abierto Atlantida de Renta Mixta | DF29: 0.00079 | DG29: 0.006844 | DH29: 0.006286 | DI29: 0.006274 | DJ29: 0.005776 | DK29: 0.003456 | DL29: 0.008491 | DM29: 0.009669 | DN29: 0.005372 | DO29: 5.6e-05
A30: Atlántida · Fondo de Inversión Abierto de Crecimiento | T30: 0.00045 | U30: 0.004602 | V30: 0.004401 | W30: 0.004623 | X30: 0.004588 | Y30: 0.00444 | Z30: 0.004553 | AA30: 0.004358 | AB30: 0.004482 | AC30: 0.004445 | AD30: 0.003995 | AE30: 0.00439 | AF30: 0.00427 | AG30: 0.004479 | AH30: 0.004167 | AI30: 0.004316 | AJ30: 0.004348 | AK30: 0.004329 | AL30: 0.004341 | AM30: 0.004223 | AN30: 0.004367 | AO30: 0.004362 | AP30: 0.00413 | AQ30: 0.004422 | AR30: 0.004267 | AS30: 0.004448 | AT30: 0.004264 | AU30: 0.004428 | AV30: 0.004376 | AW30: 0.004209 | AX30: 0.004492 | AY30: 0.004361 | AZ30: 0.009566 | BA30: 0.004293 | BB30: 0.003876 | BC30: 0.004209 | BD30: 0.004155 | BE30: 0.004077 | BF30: 0.004077 | BG30: 0.004203 | BH30: 0.004167 | BI30: 0.004076 | BJ30: 0.004491 | BK30: 0.004131 | BL30: 0.003791 | BM30: 0.003579 | BN30: 0.003453 | BO30: 0.003937 | BP30: 0.003815 | BQ30: 0.003833 | BR30: 0.003835 | BS30: 0.004055 | BT30: 0.00381 | BU30: 0.004098 | BV30: 0.004422 | BW30: 0.004365 | BX30: 0.004436 | BY30: 0.004478 | BZ30: 0.003987 | CA30: 0.004348 | CB30: 0.00414 | CC30: 0.004236 | CD30: 0.004247 | CE30: 0.004743 | CF30: 0.00474 | CG30: 0.004322 | CH30: 0.004547 | CI30: 0.004724 | CJ30: 0.004789 | CK30: 0.005211 | CL30: 0.004483 | CM30: 0.004826 | CN30: 0.004595 | CO30: 0.004638 | CP30: 0.003576 | CQ30: 0.004269 | CR30: 0.004125 | CS30: 0.003453 | CT30: 0.003421 | CU30: 0.003585 | CV30: 0.003756 | CW30: 0.00383 | CX30: 0.003105 | CY30: 0.003525 | CZ30: 0.003558 | DA30: 0.003823 | DB30: 0.005204 | DC30: 0.004612 | DD30: 0.004078 | DE30: 0.004585 | DF30: 0.004267 | DG30: 0.003889 | DH30: 0.004184 | DI30: 0.004653 | DJ30: 0.004198 | DK30: 0.005229 | DL30: 0.005033 | DM30: 0.005043 | DN30: 0.004793 | DO30: 0.000687
A31: Atlántida · Fondo de Inversión Cerrado Inmobiliario Atlántida Progresa + | AK31: 0 | AL31: 0.006758 | AM31: 0.006676 | AN31: -0.0133 | AO31: 0.006653 | AP31: 0.006526 | AQ31: -0.01305 | AR31: 0.006704 | AS31: 0.006545 | AT31: -0.013119 | AU31: 0.006466 | AV31: 0.006254 | AW31: 0.042645 | AX31: 0.006017 | AY31: 0.005829 | AZ31: -0.011741 | BA31: 0.005721 | BB31: 0.005302 | BC31: -0.010932 | BD31: 0.004335 | BE31: 0.003953 | BF31: -0.008236 | BG31: 0.004373 | BH31: 0.004059 | BI31: -0.005883 | BJ31: 0.004572 | BK31: 0.005137 | BL31: -0.00505 | BM31: 0.005173 | BN31: 0.005229 | BO31: -0.010321 | BP31: 0.005048 | BQ31: 0.004806 | BR31: -0.004018 | BS31: 0.00449 | BT31: 0.005039 | BU31: -0.00741 | BV31: 0.021379 | BW31: 0.005102 | BX31: 0.006217 | BY31: 0.005146 | BZ31: 0.004752 | CA31: -0.009825 | CB31: 0.004448 | CC31: 0.00423 | CD31: -0.006757 | CE31: 0.019023 | CF31: 0.004017 | CG31: -0.002805 | CH31: 0.008608 | CI31: 0.004474 | CJ31: 0.000258 | CK31: 0.004479 | CL31: 0.005013 | CM31: -0.007348 | CN31: 0.005079 | CO31: 0.004791 | CP31: -0.002845 | CQ31: 0.006504 | CR31: 0.003727 | CS31: -0.005877 | CT31: 0.008229 | CU31: 0.003324 | CV31: 0.002292 | CW31: 0.004411 | CX31: 0.004525 | CY31: -0.005416 | CZ31: 0.004195 | DA31: 0.003869 | DB31: -0.00271 | DC31: 0.007361 | DD31: 0.004009 | DE31: -0.01808 | DF31: 0.006462 | DG31: 0.004466 | DH31: 0.001139 | DI31: 0.003846 | DJ31: 0.004207 | DK31: -0.014527 | DL31: 0.00423 | DM31: 0.004424 | DN31: -0.005277 | DO31: 0.001605
