Workbook

Sheet Resumen
A1: Resumen — Fondos de Inversión SGB
A2: Grupo SGB (Servicios Generales Bursátiles) | Fuente: sgbfondosdeinversion.com (histórico CSV) | datos al 2026-10-11 (actualización 2026-10-11)
A3: Fondo | B3: Tipo | C3: Inicio | D3: VC inicial (base) | E3: VC actual | F3: Fecha dato | G3: Patrimonio actual (US$) | H3: Meses | I3: Rend. acum. desde inicio | J3: Rend. anualizado (CAGR)
A4: FI Abierto Rentable Corto Plazo | B4: Abierto | C4: 42655 | D4: 1 | E4: ='Valor cuota (fin de mes)'!DR4 | F4: 46306 | G4: ='Patrimonio (fin de mes)'!DR4 | H4: 121 | I4: =E4/D4-1 | J4: =IFERROR((E4/D4)^(365/(F4-C4))-1,"")
A5: FI Abierto Plazo 180 | B5: Abierto | C5: 43201 | D5: 1 | E5: ='Valor cuota (fin de mes)'!DR5 | F5: 46306 | G5: ='Patrimonio (fin de mes)'!DR5 | H5: 103 | I5: =E5/D5-1 | J5: =IFERROR((E5/D5)^(365/(F5-C5))-1,"")

Sheet Gráficas
A1: Gráficas por fondo — patrimonio y rendimiento
A2: Grupo SGB (Servicios Generales Bursátiles) | Fuente: sgbfondosdeinversion.com (histórico CSV) | datos al 2026-10-11 (actualización 2026-10-11) | una gráfica por fondo · cada una con su propio eje · se actualizan solas al crecer meses/días
A3: FI Abierto Rentable Corto Plazo
A20: FI Abierto Plazo 180

Sheet Rendimiento mensual
A1: Rendimiento mensual
A2: Grupo SGB (Servicios Generales Bursátiles) | Fuente: sgbfondosdeinversion.com (histórico CSV) | datos al 2026-10-11 (actualización 2026-10-11)
A3: Fondo | B3: oct-2016 | C3: nov-2016 | D3: dic-2016 | E3: ene-2017 | F3: feb-2017 | G3: mar-2017 | H3: abr-2017 | I3: may-2017 | J3: jun-2017 | K3: jul-2017 | L3: ago-2017 | M3: sep-2017 | N3: oct-2017 | O3: nov-2017 | P3: dic-2017 | Q3: ene-2018 | R3: feb-2018 | S3: mar-2018 | T3: abr-2018 | U3: may-2018 | V3: jun-2018 | W3: jul-2018 | X3: ago-2018 | Y3: sep-2018 | Z3: oct-2018 | AA3: nov-2018 | AB3: dic-2018 | AC3: ene-2019 | AD3: feb-2019 | AE3: mar-2019 | AF3: abr-2019 | AG3: may-2019 | AH3: jun-2019 | AI3: jul-2019 | AJ3: ago-2019 | AK3: sep-2019 | AL3: oct-2019 | AM3: nov-2019 | AN3: dic-2019 | AO3: ene-2020 | AP3: feb-2020 | AQ3: mar-2020 | AR3: abr-2020 | AS3: may-2020 | AT3: jun-2020 | AU3: jul-2020 | AV3: ago-2020 | AW3: sep-2020 | AX3: oct-2020 | AY3: nov-2020 | AZ3: dic-2020 | BA3: ene-2021 | BB3: feb-2021 | BC3: mar-2021 | BD3: abr-2021 | BE3: may-2021 | BF3: jun-2021 | BG3: jul-2021 | BH3: ago-2021 | BI3: sep-2021 | BJ3: oct-2021 | BK3: nov-2021 | BL3: dic-2021 | BM3: ene-2022 | BN3: feb-2022 | BO3: mar-2022 | BP3: abr-2022 | BQ3: may-2022 | BR3: jun-2022 | BS3: jul-2022 | BT3: ago-2022 | BU3: sep-2022 | BV3: oct-2022 | BW3: nov-2022 | BX3: dic-2022 | BY3: ene-2023 | BZ3: feb-2023 | CA3: mar-2023 | CB3: abr-2023 | CC3: may-2023 | CD3: jun-2023 | CE3: jul-2023 | CF3: ago-2023 | CG3: sep-2023 | CH3: oct-2023 | CI3: nov-2023 | CJ3: dic-2023 | CK3: ene-2024 | CL3: feb-2024 | CM3: mar-2024 | CN3: abr-2024 | CO3: may-2024 | CP3: jun-2024 | CQ3: jul-2024 | CR3: ago-2024 | CS3: sep-2024 | CT3: oct-2024 | CU3: nov-2024 | CV3: dic-2024 | CW3: ene-2025 | CX3: feb-2025 | CY3: mar-2025 | CZ3: abr-2025 | DA3: may-2025 | DB3: jun-2025 | DC3: jul-2025 | DD3: ago-2025 | DE3: sep-2025 | DF3: oct-2025 | DG3: nov-2025 | DH3: dic-2025 | DI3: ene-2026 | DJ3: feb-2026 | DK3: mar-2026 | DL3: abr-2026 | DM3: may-2026 | DN3: jun-2026 | DO3: jul-2026 | DP3: ago-2026 | DQ3: sep-2026 | DR3: oct-2026*
A4: FI Abierto Rentable Corto Plazo | B4: =IF('Valor cuota (fin de mes)'!B4="","",'Valor cuota (fin de mes)'!B4/'Resumen'!$D$4-1) | C4: =IFERROR(IF(OR('Valor cuota (fin de mes)'!C4="",'Valor cuota (fin de mes)'!B4=""),"",'Valor cuota (fin de mes)'!C4/'Valor cuota (fin de mes)'!B4-1),"") | D4: =IFERROR(IF(OR('Valor cuota (fin de mes)'!D4="",'Valor cuota (fin de mes)'!C4=""),"",'Valor cuota (fin de mes)'!D4/'Valor cuota (fin de mes)'!C4-1),"") | E4: =IFERROR(IF(OR('Valor cuota (fin de mes)'!E4="",'Valor cuota (fin de mes)'!D4=""),"",'Valor cuota (fin de mes)'!E4/'Valor cuota (fin de mes)'!D4-1),"") | F4: =IFERROR(IF(OR('Valor cuota (fin de mes)'!F4="",'Valor cuota (fin de mes)'!E4=""),"",'Valor cuota (fin de mes)'!F4/'Valor cuota (fin de mes)'!E4-1),"") | G4: =IFERROR(IF(OR('Valor cuota (fin de mes)'!G4="",'Valor cuota (fin de mes)'!F4=""),"",'Valor cuota (fin de mes)'!G4/'Valor cuota (fin de mes)'!F4-1),"") | H4: =IFERROR(IF(OR('Valor cuota (fin de mes)'!H4="",'Valor cuota (fin de mes)'!G4=""),"",'Valor cuota (fin de mes)'!H4/'Valor cuota (fin de mes)'!G4-1),"") | I4: =IFERROR(IF(OR('Valor cuota (fin de mes)'!I4="",'Valor cuota (fin de mes)'!H4=""),"",'Valor cuota (fin de mes)'!I4/'Valor cuota (fin de mes)'!H4-1),"") | J4: =IFERROR(IF(OR('Valor cuota (fin de mes)'!J4="",'Valor cuota (fin de mes)'!I4=""),"",'Valor cuota (fin de mes)'!J4/'Valor cuota (fin de mes)'!I4-1),"") | ... DR4: =IFERROR(IF(OR('Valor cuota (fin de mes)'!DR4="",'Valor cuota (fin de mes)'!DQ4=""),"",'Valor cuota (fin de mes)'!DR4/'Valor cuota (fin de mes)'!DQ4-1),"")
A5: FI Abierto Plazo 180 | T5: =IF('Valor cuota (fin de mes)'!T5="","",'Valor cuota (fin de mes)'!T5/'Resumen'!$D$5-1) | U5: =IFERROR(IF(OR('Valor cuota (fin de mes)'!U5="",'Valor cuota (fin de mes)'!T5=""),"",'Valor cuota (fin de mes)'!U5/'Valor cuota (fin de mes)'!T5-1),"") | V5: =IFERROR(IF(OR('Valor cuota (fin de mes)'!V5="",'Valor cuota (fin de mes)'!U5=""),"",'Valor cuota (fin de mes)'!V5/'Valor cuota (fin de mes)'!U5-1),"") | W5: =IFERROR(IF(OR('Valor cuota (fin de mes)'!W5="",'Valor cuota (fin de mes)'!V5=""),"",'Valor cuota (fin de mes)'!W5/'Valor cuota (fin de mes)'!V5-1),"") | X5: =IFERROR(IF(OR('Valor cuota (fin de mes)'!X5="",'Valor cuota (fin de mes)'!W5=""),"",'Valor cuota (fin de mes)'!X5/'Valor cuota (fin de mes)'!W5-1),"") | Y5: =IFERROR(IF(OR('Valor cuota (fin de mes)'!Y5="",'Valor cuota (fin de mes)'!X5=""),"",'Valor cuota (fin de mes)'!Y5/'Valor cuota (fin de mes)'!X5-1),"") | Z5: =IFERROR(IF(OR('Valor cuota (fin de mes)'!Z5="",'Valor cuota (fin de mes)'!Y5=""),"",'Valor cuota (fin de mes)'!Z5/'Valor cuota (fin de mes)'!Y5-1),"") | AA5: =IFERROR(IF(OR('Valor cuota (fin de mes)'!AA5="",'Valor cuota (fin de mes)'!Z5=""),"",'Valor cuota (fin de mes)'!AA5/'Valor cuota (fin de mes)'!Z5-1),"") | AB5: =IFERROR(IF(OR('Valor cuota (fin de mes)'!AB5="",'Valor cuota (fin de mes)'!AA5=""),"",'Valor cuota (fin de mes)'!AB5/'Valor cuota (fin de mes)'!AA5-1),"") | ... DR5: =IFERROR(IF(OR('Valor cuota (fin de mes)'!DR5="",'Valor cuota (fin de mes)'!DQ5=""),"",'Valor cuota (fin de mes)'!DR5/'Valor cuota (fin de mes)'!DQ5-1),"")

Sheet Cierre 31-dic (mensual)
A1: Cierre 31-dic (mensual)
A2: Rendimiento del mes de diciembre de cada año (mismo indicador que la hoja mensual). El año en curso = ultimo mes disponible (parcial)
A3: Fondo | B3: 2016 | C3: 2017 | D3: 2018 | E3: 2019 | F3: 2020 | G3: 2021 | H3: 2022 | I3: 2023 | J3: 2024 | K3: 2025 | L3: 2026 (YTD)
A4: FI Abierto Rentable Corto Plazo | B4: ='Rendimiento mensual'!D4 | C4: ='Rendimiento mensual'!P4 | D4: ='Rendimiento mensual'!AB4 | E4: ='Rendimiento mensual'!AN4 | F4: ='Rendimiento mensual'!AZ4 | G4: ='Rendimiento mensual'!BL4 | H4: ='Rendimiento mensual'!BX4 | I4: ='Rendimiento mensual'!CJ4 | J4: ='Rendimiento mensual'!CV4 | K4: ='Rendimiento mensual'!DH4 | L4: ='Rendimiento mensual'!DR4
A5: FI Abierto Plazo 180 | D5: ='Rendimiento mensual'!AB5 | E5: ='Rendimiento mensual'!AN5 | F5: ='Rendimiento mensual'!AZ5 | G5: ='Rendimiento mensual'!BL5 | H5: ='Rendimiento mensual'!BX5 | I5: ='Rendimiento mensual'!CJ5 | J5: ='Rendimiento mensual'!CV5 | K5: ='Rendimiento mensual'!DH5 | L5: ='Rendimiento mensual'!DR5

Sheet Rendimiento anual
A1: Rendimiento anual
A2: Rendimiento ANUAL (ene–dic) desde la cuota. Año de lanzamiento = desde la base; el año en curso = YTD (parcial)
A3: Fondo | B3: 2016 | C3: 2017 | D3: 2018 | E3: 2019 | F3: 2020 | G3: 2021 | H3: 2022 | I3: 2023 | J3: 2024 | K3: 2025 | L3: 2026 (YTD)
A4: FI Abierto Rentable Corto Plazo | B4: =IFERROR('Valor cuota (fin de mes)'!D4/'Resumen'!$D$4-1,"") | C4: =IFERROR('Valor cuota (fin de mes)'!P4/'Valor cuota (fin de mes)'!D4-1,"") | D4: =IFERROR('Valor cuota (fin de mes)'!AB4/'Valor cuota (fin de mes)'!P4-1,"") | E4: =IFERROR('Valor cuota (fin de mes)'!AN4/'Valor cuota (fin de mes)'!AB4-1,"") | F4: =IFERROR('Valor cuota (fin de mes)'!AZ4/'Valor cuota (fin de mes)'!AN4-1,"") | G4: =IFERROR('Valor cuota (fin de mes)'!BL4/'Valor cuota (fin de mes)'!AZ4-1,"") | H4: =IFERROR('Valor cuota (fin de mes)'!BX4/'Valor cuota (fin de mes)'!BL4-1,"") | I4: =IFERROR('Valor cuota (fin de mes)'!CJ4/'Valor cuota (fin de mes)'!BX4-1,"") | J4: =IFERROR('Valor cuota (fin de mes)'!CV4/'Valor cuota (fin de mes)'!CJ4-1,"") | K4: =IFERROR('Valor cuota (fin de mes)'!DH4/'Valor cuota (fin de mes)'!CV4-1,"") | L4: =IFERROR('Valor cuota (fin de mes)'!DR4/'Valor cuota (fin de mes)'!DH4-1,"")
A5: FI Abierto Plazo 180 | D5: =IFERROR('Valor cuota (fin de mes)'!AB5/'Resumen'!$D$5-1,"") | E5: =IFERROR('Valor cuota (fin de mes)'!AN5/'Valor cuota (fin de mes)'!AB5-1,"") | F5: =IFERROR('Valor cuota (fin de mes)'!AZ5/'Valor cuota (fin de mes)'!AN5-1,"") | G5: =IFERROR('Valor cuota (fin de mes)'!BL5/'Valor cuota (fin de mes)'!AZ5-1,"") | H5: =IFERROR('Valor cuota (fin de mes)'!BX5/'Valor cuota (fin de mes)'!BL5-1,"") | I5: =IFERROR('Valor cuota (fin de mes)'!CJ5/'Valor cuota (fin de mes)'!BX5-1,"") | J5: =IFERROR('Valor cuota (fin de mes)'!CV5/'Valor cuota (fin de mes)'!CJ5-1,"") | K5: =IFERROR('Valor cuota (fin de mes)'!DH5/'Valor cuota (fin de mes)'!CV5-1,"") | L5: =IFERROR('Valor cuota (fin de mes)'!DR5/'Valor cuota (fin de mes)'!DH5-1,"")

Sheet Diario
A1: Detalle diario — 2 fondos de inversión
A2: Grupo SGB (Servicios Generales Bursátiles) | Fuente: sgbfondosdeinversion.com (histórico CSV) | datos al 2026-10-11 (actualización 2026-10-11) | una fila por día · lo más reciente arriba · se actualiza a diario
A3: Fecha | B3: Abierto Rentable Corto Plazo | E3: Abierto Plazo 180
B4: Valor cuota | C4: Rend. diario | D4: Patrimonio | E4: Valor cuota | F4: Rend. diario | G4: Patrimonio
A5: 46306 | B5: 1.4209956 | C5: 0.000112 | D5: 89242967 | E5: 1.5810436 | F5: 0.000147 | G5: 39306328
A6: 46305 | B6: 1.420837 | C6: 0.000112 | D6: 89233007 | E6: 1.5808106 | F6: 0.000147 | G6: 39470504
A7: 46304 | B7: 1.4206784 | C7: 0.000112 | D7: 89223050 | E7: 1.5805781 | F7: 0.000147 | G7: 39544098
A8: 46303 | B8: 1.4205198 | C8: 0.000111 | D8: 89157035 | E8: 1.5803452 | F8: 0.000148 | G8: 39469167
A9: 46302 | B9: 1.4203615 | C9: 0.000111 | D9: 89320795 | E9: 1.5801121 | F9: 0.000157 | G9: 39459929
A10: 46301 | B10: 1.4202043 | C10: 0.000111 | D10: 91855587 | E10: 1.5798642 | F10: 0.000148 | G10: 39464496
A11: 46300 | B11: 1.4200464 | C11: 0.000111 | D11: 91707160 | E11: 1.5796309 | F11: 0.000148 | G11: 39465497
A12: 46299 | B12: 1.4198885 | C12: 0.000111 | D12: 91561655 | E12: 1.5793964 | F12: 0.000148 | G12: 39368819
A13: 46298 | B13: 1.4197306 | C13: 0.000111 | D13: 91551472 | E13: 1.5791621 | F13: 0.000148 | G13: 39388512
A14: 46297 | B14: 1.4195727 | C14: 0.00014 | D14: 91541293 | E14: 1.5789287 | F14: 0.000156 | G14: 39517373
A15: 46296 | B15: 1.4193746 | C15: 0.000113 | D15: 91275102 | E15: 1.5786821 | F15: 0.000148 | G15: 39500977
A16: 46295 | B16: 1.4192145 | C16: 0.000113 | D16: 91115242 | E16: 1.578449 | F16: 0.000148 | G16: 39536722
... A3110: 43201 | B3110: 1.0519093 | C3110: 8.7e-05 | D3110: 36936850 | E3110: 1 | F3110: 0 | G3110: 2966000
A3111: 43200 | B3111: 1.0518174 | C3111: 9.3e-05 | D3111: 40417455
A3112: 43199 | B3112: 1.05172 | C3112: 9.3e-05 | D3112: 39068429
A3113: 43198 | B3113: 1.0516223 | C3113: 9.3e-05 | D3113: 38606359
A3114: 43197 | B3114: 1.0515246 | C3114: 9.3e-05 | D3114: 38602771
A3115: 43196 | B3115: 1.0514268 | C3115: 9.3e-05 | D3115: 38599182
A3116: 43195 | B3116: 1.0513294 | C3116: 9.3e-05 | D3116: 38687536
A3117: 43194 | B3117: 1.0512318 | C3117: 9.3e-05 | D3117: 38480803
A3118: 43193 | B3118: 1.0511341 | C3118: 9.4e-05 | D3118: 38473096
A3119: 43192 | B3119: 1.0510356 | C3119: 9.4e-05 | D3119: 35363449
A3120: 43191 | B3120: 1.0509367 | C3120: 9.4e-05 | D3120: 35374553
A3121: 43190 | B3121: 1.0508377 | C3121: 9.3e-05 | D3121: 35371221
A3122: 43189 | B3122: 1.0507397 | C3122: 9.3e-05 | D3122: 35367925
... A3656: 42655 | B3656: 1 | C3656: 0 | D3656: 1865195.2

Sheet Valor cuota (fin de mes)
A1: Valor cuota (fin de mes)
A2: Grupo SGB (Servicios Generales Bursátiles) | Fuente: sgbfondosdeinversion.com (histórico CSV) | datos al 2026-10-11 (actualización 2026-10-11)
A3: Fondo | B3: oct-2016 | C3: nov-2016 | D3: dic-2016 | E3: ene-2017 | F3: feb-2017 | G3: mar-2017 | H3: abr-2017 | I3: may-2017 | J3: jun-2017 | K3: jul-2017 | L3: ago-2017 | M3: sep-2017 | N3: oct-2017 | O3: nov-2017 | P3: dic-2017 | Q3: ene-2018 | R3: feb-2018 | S3: mar-2018 | T3: abr-2018 | U3: may-2018 | V3: jun-2018 | W3: jul-2018 | X3: ago-2018 | Y3: sep-2018 | Z3: oct-2018 | AA3: nov-2018 | AB3: dic-2018 | AC3: ene-2019 | AD3: feb-2019 | AE3: mar-2019 | AF3: abr-2019 | AG3: may-2019 | AH3: jun-2019 | AI3: jul-2019 | AJ3: ago-2019 | AK3: sep-2019 | AL3: oct-2019 | AM3: nov-2019 | AN3: dic-2019 | AO3: ene-2020 | AP3: feb-2020 | AQ3: mar-2020 | AR3: abr-2020 | AS3: may-2020 | AT3: jun-2020 | AU3: jul-2020 | AV3: ago-2020 | AW3: sep-2020 | AX3: oct-2020 | AY3: nov-2020 | AZ3: dic-2020 | BA3: ene-2021 | BB3: feb-2021 | BC3: mar-2021 | BD3: abr-2021 | BE3: may-2021 | BF3: jun-2021 | BG3: jul-2021 | BH3: ago-2021 | BI3: sep-2021 | BJ3: oct-2021 | BK3: nov-2021 | BL3: dic-2021 | BM3: ene-2022 | BN3: feb-2022 | BO3: mar-2022 | BP3: abr-2022 | BQ3: may-2022 | BR3: jun-2022 | BS3: jul-2022 | BT3: ago-2022 | BU3: sep-2022 | BV3: oct-2022 | BW3: nov-2022 | BX3: dic-2022 | BY3: ene-2023 | BZ3: feb-2023 | CA3: mar-2023 | CB3: abr-2023 | CC3: may-2023 | CD3: jun-2023 | CE3: jul-2023 | CF3: ago-2023 | CG3: sep-2023 | CH3: oct-2023 | CI3: nov-2023 | CJ3: dic-2023 | CK3: ene-2024 | CL3: feb-2024 | CM3: mar-2024 | CN3: abr-2024 | CO3: may-2024 | CP3: jun-2024 | CQ3: jul-2024 | CR3: ago-2024 | CS3: sep-2024 | CT3: oct-2024 | CU3: nov-2024 | CV3: dic-2024 | CW3: ene-2025 | CX3: feb-2025 | CY3: mar-2025 | CZ3: abr-2025 | DA3: may-2025 | DB3: jun-2025 | DC3: jul-2025 | DD3: ago-2025 | DE3: sep-2025 | DF3: oct-2025 | DG3: nov-2025 | DH3: dic-2025 | DI3: ene-2026 | DJ3: feb-2026 | DK3: mar-2026 | DL3: abr-2026 | DM3: may-2026 | DN3: jun-2026 | DO3: jul-2026 | DP3: ago-2026 | DQ3: sep-2026 | DR3: oct-2026*
A4: FI Abierto Rentable Corto Plazo | B4: 1.0018462 | C4: 1.004722 | D4: 1.0076886 | E4: 1.0106107 | F4: 1.0132295 | G4: 1.0160099 | H4: 1.0187032 | I4: 1.0215819 | J4: 1.024412 | K4: 1.0274157 | L4: 1.0303567 | M4: 1.0331824 | N4: 1.0362291 | O4: 1.0391332 | P4: 1.042144 | Q4: 1.0450948 | R4: 1.0477967 | S4: 1.0508377 | T4: 1.0538064 | U4: 1.0568347 | V4: 1.0597697 | W4: 1.062747 | X4: 1.0657236 | Y4: 1.0686544 | Z4: 1.0717549 | AA4: 1.0747916 | AB4: 1.0779371 | AC4: 1.0809871 | AD4: 1.0836607 | AE4: 1.0867145 | AF4: 1.0897731 | AG4: 1.092997 | AH4: 1.096042 | AI4: 1.0991441 | AJ4: 1.1022919 | AK4: 1.1052389 | AL4: 1.1083509 | AM4: 1.1113008 | AN4: 1.1145997 | AO4: 1.1176194 | AP4: 1.1204458 | AQ4: 1.1233931 | AR4: 1.1265209 | AS4: 1.1294131 | AT4: 1.1321683 | AU4: 1.1348211 | AV4: 1.137722 | AW4: 1.1406311 | AX4: 1.1436926 | AY4: 1.1465443 | AZ4: 1.1493748 | BA4: 1.1521042 | BB4: 1.1545779 | BC4: 1.1574216 | BD4: 1.1601755 | BE4: 1.1630677 | BF4: 1.1659791 | BG4: 1.1688444 | BH4: 1.1716319 | BI4: 1.174524 | BJ4: 1.1775081 | BK4: 1.180376 | BL4: 1.1833256 | BM4: 1.1862031 | BN4: 1.1888161 | BO4: 1.1917298 | BP4: 1.1945527 | BQ4: 1.1976013 | BR4: 1.2005637 | BS4: 1.2036498 | BT4: 1.2068493 | BU4: 1.210027 | BV4: 1.213282 | BW4: 1.2164249 | BX4: 1.2196467 | BY4: 1.2228872 | BZ4: 1.225828 | CA4: 1.2294466 | CB4: 1.2330263 | CC4: 1.2367343 | CD4: 1.2402977 | CE4: 1.2441438 | CF4: 1.2483217 | CG4: 1.2524445 | CH4: 1.2567706 | CI4: 1.2609687 | CJ4: 1.2656297 | CK4: 1.2700742 | CL4: 1.274256 | CM4: 1.2787435 | CN4: 1.2831131 | CO4: 1.2877401 | CP4: 1.2921553 | CQ4: 1.2967663 | CR4: 1.3014977 | CS4: 1.3061077 | CT4: 1.3109666 | CU4: 1.3156854 | CV4: 1.3205118 | CW4: 1.3254657 | CX4: 1.3299528 | CY4: 1.3348612 | CZ4: 1.3394354 | DA4: 1.3443351 | DB4: 1.349075 | DC4: 1.3539808 | DD4: 1.3588375 | DE4: 1.3636225 | DF4: 1.3683202 | DG4: 1.3729174 | DH4: 1.3775445 | DI4: 1.3822187 | DJ4: 1.3864265 | DK4: 1.3910739 | DL4: 1.3955561 | DM4: 1.4002484 | DN4: 1.4048462 | DO4: 1.4094281 | DP4: 1.4143269 | DQ4: 1.4192145 | DR4: 1.4209956
A5: FI Abierto Plazo 180 | T5: 1.002736 | U5: 1.0071301 | V5: 1.0114244 | W5: 1.0158584 | X5: 1.0203247 | Y5: 1.024654 | Z5: 1.0291827 | AA5: 1.0336159 | AB5: 1.0382019 | AC5: 1.0427941 | AD5: 1.0469234 | AE5: 1.0515711 | AF5: 1.0560627 | AG5: 1.060742 | AH5: 1.0652697 | AI5: 1.0699813 | AJ5: 1.0747276 | AK5: 1.0793406 | AL5: 1.084082 | AM5: 1.0886645 | AN5: 1.0936529 | AO5: 1.0983585 | AP5: 1.1029656 | AQ5: 1.1077006 | AR5: 1.1122778 | AS5: 1.1170944 | AT5: 1.1217072 | AU5: 1.1257391 | AV5: 1.1305307 | AW5: 1.1352804 | AX5: 1.1402144 | AY5: 1.1448869 | AZ5: 1.1497035 | BA5: 1.1544745 | BB5: 1.1588803 | BC5: 1.1636961 | BD5: 1.1683508 | BE5: 1.1733122 | BF5: 1.1782625 | BG5: 1.1830394 | BH5: 1.1879579 | BI5: 1.1927374 | BJ5: 1.1979218 | BK5: 1.2028637 | BL5: 1.2079833 | BM5: 1.212869 | BN5: 1.2172701 | BO5: 1.2221844 | BP5: 1.2269815 | BQ5: 1.2319536 | BR5: 1.2367621 | BS5: 1.2418361 | BT5: 1.2468923 | BU5: 1.2517944 | BV5: 1.2568086 | BW5: 1.2616576 | BX5: 1.2667036 | BY5: 1.2717813 | BZ5: 1.2766349 | CA5: 1.2824173 | CB5: 1.2881542 | CC5: 1.2940343 | CD5: 1.2996918 | CE5: 1.305612 | CF5: 1.312004 | CG5: 1.3183352 | CH5: 1.3248869 | CI5: 1.3312968 | CJ5: 1.3379822 | CK5: 1.3447758 | CL5: 1.3510871 | CM5: 1.3579661 | CN5: 1.364622 | CO5: 1.3717255 | CP5: 1.3786585 | CQ5: 1.3858616 | CR5: 1.3931222 | CS5: 1.400244 | CT5: 1.4078265 | CU5: 1.4150419 | CV5: 1.4223751 | CW5: 1.4300263 | CX5: 1.4369662 | CY5: 1.4447945 | CZ5: 1.4525058 | DA5: 1.4603605 | DB5: 1.4680374 | DC5: 1.4758058 | DD5: 1.4834503 | DE5: 1.4913326 | DF5: 1.4994097 | DG5: 1.5069034 | DH5: 1.5145884 | DI5: 1.5221256 | DJ5: 1.528727 | DK5: 1.5359691 | DL5: 1.5431079 | DM5: 1.5504381 | DN5: 1.5574788 | DO5: 1.5645485 | DP5: 1.5714785 | DQ5: 1.578449 | DR5: 1.5810436

Sheet Patrimonio (fin de mes)
A1: Patrimonio (fin de mes)
A2: Grupo SGB (Servicios Generales Bursátiles) | Fuente: sgbfondosdeinversion.com (histórico CSV) | datos al 2026-10-11 (actualización 2026-10-11)
A3: Fondo | B3: oct-2016 | C3: nov-2016 | D3: dic-2016 | E3: ene-2017 | F3: feb-2017 | G3: mar-2017 | H3: abr-2017 | I3: may-2017 | J3: jun-2017 | K3: jul-2017 | L3: ago-2017 | M3: sep-2017 | N3: oct-2017 | O3: nov-2017 | P3: dic-2017 | Q3: ene-2018 | R3: feb-2018 | S3: mar-2018 | T3: abr-2018 | U3: may-2018 | V3: jun-2018 | W3: jul-2018 | X3: ago-2018 | Y3: sep-2018 | Z3: oct-2018 | AA3: nov-2018 | AB3: dic-2018 | AC3: ene-2019 | AD3: feb-2019 | AE3: mar-2019 | AF3: abr-2019 | AG3: may-2019 | AH3: jun-2019 | AI3: jul-2019 | AJ3: ago-2019 | AK3: sep-2019 | AL3: oct-2019 | AM3: nov-2019 | AN3: dic-2019 | AO3: ene-2020 | AP3: feb-2020 | AQ3: mar-2020 | AR3: abr-2020 | AS3: may-2020 | AT3: jun-2020 | AU3: jul-2020 | AV3: ago-2020 | AW3: sep-2020 | AX3: oct-2020 | AY3: nov-2020 | AZ3: dic-2020 | BA3: ene-2021 | BB3: feb-2021 | BC3: mar-2021 | BD3: abr-2021 | BE3: may-2021 | BF3: jun-2021 | BG3: jul-2021 | BH3: ago-2021 | BI3: sep-2021 | BJ3: oct-2021 | BK3: nov-2021 | BL3: dic-2021 | BM3: ene-2022 | BN3: feb-2022 | BO3: mar-2022 | BP3: abr-2022 | BQ3: may-2022 | BR3: jun-2022 | BS3: jul-2022 | BT3: ago-2022 | BU3: sep-2022 | BV3: oct-2022 | BW3: nov-2022 | BX3: dic-2022 | BY3: ene-2023 | BZ3: feb-2023 | CA3: mar-2023 | CB3: abr-2023 | CC3: may-2023 | CD3: jun-2023 | CE3: jul-2023 | CF3: ago-2023 | CG3: sep-2023 | CH3: oct-2023 | CI3: nov-2023 | CJ3: dic-2023 | CK3: ene-2024 | CL3: feb-2024 | CM3: mar-2024 | CN3: abr-2024 | CO3: may-2024 | CP3: jun-2024 | CQ3: jul-2024 | CR3: ago-2024 | CS3: sep-2024 | CT3: oct-2024 | CU3: nov-2024 | CV3: dic-2024 | CW3: ene-2025 | CX3: feb-2025 | CY3: mar-2025 | CZ3: abr-2025 | DA3: may-2025 | DB3: jun-2025 | DC3: jul-2025 | DD3: ago-2025 | DE3: sep-2025 | DF3: oct-2025 | DG3: nov-2025 | DH3: dic-2025 | DI3: ene-2026 | DJ3: feb-2026 | DK3: mar-2026 | DL3: abr-2026 | DM3: may-2026 | DN3: jun-2026 | DO3: jul-2026 | DP3: ago-2026 | DQ3: sep-2026 | DR3: oct-2026*
A4: FI Abierto Rentable Corto Plazo | B4: 3820594 | C4: 9030055 | D4: 9645224.5 | E4: 15154806 | F4: 20169874 | G4: 25180617 | H4: 25988200 | I4: 27803292 | J4: 29093834 | K4: 26964836 | L4: 29228528 | M4: 30366284 | N4: 30119109 | O4: 32069817 | P4: 30081980 | Q4: 35153992 | R4: 33167089 | S4: 35371221 | T4: 34489461 | U4: 36240521 | V4: 34364578 | W4: 38102993 | X4: 38703900 | Y4: 37054734 | Z4: 36599979 | AA4: 36117553 | AB4: 37001938 | AC4: 39873021 | AD4: 42655477 | AE4: 45522451 | AF4: 38219806 | AG4: 38971501 | AH4: 39750248 | AI4: 41084989 | AJ4: 44794002 | AK4: 34746900 | AL4: 42910510 | AM4: 40121165 | AN4: 44706794 | AO4: 49682880 | AP4: 54143545 | AQ4: 41695440 | AR4: 49572454 | AS4: 57283788 | AT4: 60512142 | AU4: 60065219 | AV4: 59671805 | AW4: 53847285 | AX4: 50404280 | AY4: 66369073 | AZ4: 80052538 | BA4: 87125330 | BB4: 79478383 | BC4: 75568025 | BD4: 80181693 | BE4: 77378450 | BF4: 70458814 | BG4: 71566473 | BH4: 75295007 | BI4: 54871927 | BJ4: 63205303 | BK4: 67207144 | BL4: 64192672 | BM4: 73840292 | BN4: 71547901 | BO4: 71471916 | BP4: 72608216 | BQ4: 74992709 | BR4: 73135208 | BS4: 69823304 | BT4: 66222592 | BU4: 57416671 | BV4: 57082405 | BW4: 53422128 | BX4: 52775441 | BY4: 55489494 | BZ4: 53327304 | CA4: 50016187 | CB4: 43917825 | CC4: 51984275 | CD4: 50181066 | CE4: 53853188 | CF4: 48955744 | CG4: 49605589 | CH4: 50318234 | CI4: 50265134 | CJ4: 50417773 | CK4: 48664733 | CL4: 50950990 | CM4: 52141421 | CN4: 50301813 | CO4: 50032779 | CP4: 51896806 | CQ4: 53779355 | CR4: 51290213 | CS4: 47925838 | CT4: 50542130 | CU4: 49768453 | CV4: 53614648 | CW4: 55530070 | CX4: 53136391 | CY4: 57376916 | CZ4: 69237271 | DA4: 65757037 | DB4: 65766715 | DC4: 62652799 | DD4: 64496203 | DE4: 69704801 | DF4: 76582535 | DG4: 77381535 | DH4: 97868863 | DI4: 1.0410751e+08 | DJ4: 1.0395445e+08 | DK4: 1.0663399e+08 | DL4: 91634316 | DM4: 96546017 | DN4: 92679829 | DO4: 90502316 | DP4: 94335322 | DQ4: 91115242 | DR4: 89242967
A5: FI Abierto Plazo 180 | T5: 3167297.4 | U5: 5256053.9 | V5: 5945710.5 | W5: 6954030.1 | X5: 7889130 | Y5: 8651049.4 | Z5: 9146229.1 | AA5: 9198736.2 | AB5: 11820281 | AC5: 12495109 | AD5: 12545502 | AE5: 13061746 | AF5: 13615623 | AG5: 14255474 | AH5: 12865275 | AI5: 13501149 | AJ5: 13995688 | AK5: 15689450 | AL5: 18976681 | AM5: 19987181 | AN5: 20023908 | AO5: 20907019 | AP5: 22217974 | AQ5: 19882512 | AR5: 16678280 | AS5: 16291801 | AT5: 15805924 | AU5: 16223192 | AV5: 15468879 | AW5: 14613587 | AX5: 15416911 | AY5: 15735997 | AZ5: 15953823 | BA5: 16201139 | BB5: 16775902 | BC5: 16787373 | BD5: 17148584 | BE5: 16489426 | BF5: 16795250 | BG5: 16494809 | BH5: 16302193 | BI5: 16898344 | BJ5: 16020065 | BK5: 18035691 | BL5: 18217918 | BM5: 18309171 | BN5: 19402555 | BO5: 19551961 | BP5: 19747049 | BQ5: 18183460 | BR5: 19346621 | BS5: 19012361 | BT5: 19028664 | BU5: 19531291 | BV5: 19639308 | BW5: 20219983 | BX5: 18755630 | BY5: 17808332 | BZ5: 16628616 | CA5: 17282327 | CB5: 17254140 | CC5: 17136854 | CD5: 17245133 | CE5: 17354221 | CF5: 18169384 | CG5: 17941979 | CH5: 19041455 | CI5: 18657370 | CJ5: 18490807 | CK5: 18142959 | CL5: 18367692 | CM5: 17717824 | CN5: 18138257 | CO5: 18108450 | CP5: 17829091 | CQ5: 17611095 | CR5: 17824916 | CS5: 18451476 | CT5: 18879760 | CU5: 18909543 | CV5: 19233518 | CW5: 19437541 | CX5: 19399904 | CY5: 19281033 | CZ5: 19267486 | DA5: 20118716 | DB5: 21003312 | DC5: 24011337 | DD5: 25553330 | DE5: 25924097 | DF5: 26859877 | DG5: 29630066 | DH5: 30181849 | DI5: 34954318 | DJ5: 37779896 | DK5: 43317365 | DL5: 43055217 | DM5: 44092719 | DN5: 45570001 | DO5: 44143719 | DP5: 42241084 | DQ5: 39536722 | DR5: 39306328

Sheet Notas y metodologia
A1: Notas y metodología
A3: Fuente: SGB Fondos de Inversión, S.A. — histórico público (CSV) por fondo en sgbfondosdeinversion.com. Archivo regenerado automáticamente.
A4: datos al 2026-10-11 (actualización 2026-10-11).
A6: DEFINICIÓN DE 'RENDIMIENTO MENSUAL':
A7: Rendimiento del mes = (Valor cuota al cierre del mes ÷ Valor cuota al cierre del mes anterior) − 1. Es el rendimiento real de la cuota en el mes.
A8: El primer mes de cada fondo se mide desde el valor cuota inicial (base) hasta el cierre de ese mes (puede ser parcial). El año en curso es PARCIAL.
A10: NOTA (fondos abiertos):
A11: • Ambos fondos son ABIERTOS y acumulan limpio: el rendimiento de la cuota equivale al rendimiento total del partícipe (no hay distribuciones que bajen la cuota).
A13: Códigos de color: azul = dato de origen extraído; verde = enlace a otra hoja; negro = fórmula.

Sheet Datos_graficas
A1: Fondo | B1: oct-2016 | C1: nov-2016 | D1: dic-2016 | E1: ene-2017 | F1: feb-2017 | G1: mar-2017 | H1: abr-2017 | I1: may-2017 | J1: jun-2017 | K1: jul-2017 | L1: ago-2017 | M1: sep-2017 | N1: oct-2017 | O1: nov-2017 | P1: dic-2017 | Q1: ene-2018 | R1: feb-2018 | S1: mar-2018 | T1: abr-2018 | U1: may-2018 | V1: jun-2018 | W1: jul-2018 | X1: ago-2018 | Y1: sep-2018 | Z1: oct-2018 | AA1: nov-2018 | AB1: dic-2018 | AC1: ene-2019 | AD1: feb-2019 | AE1: mar-2019 | AF1: abr-2019 | AG1: may-2019 | AH1: jun-2019 | AI1: jul-2019 | AJ1: ago-2019 | AK1: sep-2019 | AL1: oct-2019 | AM1: nov-2019 | AN1: dic-2019 | AO1: ene-2020 | AP1: feb-2020 | AQ1: mar-2020 | AR1: abr-2020 | AS1: may-2020 | AT1: jun-2020 | AU1: jul-2020 | AV1: ago-2020 | AW1: sep-2020 | AX1: oct-2020 | AY1: nov-2020 | AZ1: dic-2020 | BA1: ene-2021 | BB1: feb-2021 | BC1: mar-2021 | BD1: abr-2021 | BE1: may-2021 | BF1: jun-2021 | BG1: jul-2021 | BH1: ago-2021 | BI1: sep-2021 | BJ1: oct-2021 | BK1: nov-2021 | BL1: dic-2021 | BM1: ene-2022 | BN1: feb-2022 | BO1: mar-2022 | BP1: abr-2022 | BQ1: may-2022 | BR1: jun-2022 | BS1: jul-2022 | BT1: ago-2022 | BU1: sep-2022 | BV1: oct-2022 | BW1: nov-2022 | BX1: dic-2022 | BY1: ene-2023 | BZ1: feb-2023 | CA1: mar-2023 | CB1: abr-2023 | CC1: may-2023 | CD1: jun-2023 | CE1: jul-2023 | CF1: ago-2023 | CG1: sep-2023 | CH1: oct-2023 | CI1: nov-2023 | CJ1: dic-2023 | CK1: ene-2024 | CL1: feb-2024 | CM1: mar-2024 | CN1: abr-2024 | CO1: may-2024 | CP1: jun-2024 | CQ1: jul-2024 | CR1: ago-2024 | CS1: sep-2024 | CT1: oct-2024 | CU1: nov-2024 | CV1: dic-2024 | CW1: ene-2025 | CX1: feb-2025 | CY1: mar-2025 | CZ1: abr-2025 | DA1: may-2025 | DB1: jun-2025 | DC1: jul-2025 | DD1: ago-2025 | DE1: sep-2025 | DF1: oct-2025 | DG1: nov-2025 | DH1: dic-2025 | DI1: ene-2026 | DJ1: feb-2026 | DK1: mar-2026 | DL1: abr-2026 | DM1: may-2026 | DN1: jun-2026 | DO1: jul-2026 | DP1: ago-2026 | DQ1: sep-2026 | DR1: oct-2026*
A2: Abierto Rentable Corto Plazo | B2: 3820594 | C2: 9030055 | D2: 9645224.5 | E2: 15154806 | F2: 20169874 | G2: 25180617 | H2: 25988200 | I2: 27803292 | J2: 29093834 | K2: 26964836 | L2: 29228528 | M2: 30366284 | N2: 30119109 | O2: 32069817 | P2: 30081980 | Q2: 35153992 | R2: 33167089 | S2: 35371221 | T2: 34489461 | U2: 36240521 | V2: 34364578 | W2: 38102993 | X2: 38703900 | Y2: 37054734 | Z2: 36599979 | AA2: 36117553 | AB2: 37001938 | AC2: 39873021 | AD2: 42655477 | AE2: 45522451 | AF2: 38219806 | AG2: 38971501 | AH2: 39750248 | AI2: 41084989 | AJ2: 44794002 | AK2: 34746900 | AL2: 42910510 | AM2: 40121165 | AN2: 44706794 | AO2: 49682880 | AP2: 54143545 | AQ2: 41695440 | AR2: 49572454 | AS2: 57283788 | AT2: 60512142 | AU2: 60065219 | AV2: 59671805 | AW2: 53847285 | AX2: 50404280 | AY2: 66369073 | AZ2: 80052538 | BA2: 87125330 | BB2: 79478383 | BC2: 75568025 | BD2: 80181693 | BE2: 77378450 | BF2: 70458814 | BG2: 71566473 | BH2: 75295007 | BI2: 54871927 | BJ2: 63205303 | BK2: 67207144 | BL2: 64192672 | BM2: 73840292 | BN2: 71547901 | BO2: 71471916 | BP2: 72608216 | BQ2: 74992709 | BR2: 73135208 | BS2: 69823304 | BT2: 66222592 | BU2: 57416671 | BV2: 57082405 | BW2: 53422128 | BX2: 52775441 | BY2: 55489494 | BZ2: 53327304 | CA2: 50016187 | CB2: 43917825 | CC2: 51984275 | CD2: 50181066 | CE2: 53853188 | CF2: 48955744 | CG2: 49605589 | CH2: 50318234 | CI2: 50265134 | CJ2: 50417773 | CK2: 48664733 | CL2: 50950990 | CM2: 52141421 | CN2: 50301813 | CO2: 50032779 | CP2: 51896806 | CQ2: 53779355 | CR2: 51290213 | CS2: 47925838 | CT2: 50542130 | CU2: 49768453 | CV2: 53614648 | CW2: 55530070 | CX2: 53136391 | CY2: 57376916 | CZ2: 69237271 | DA2: 65757037 | DB2: 65766715 | DC2: 62652799 | DD2: 64496203 | DE2: 69704801 | DF2: 76582535 | DG2: 77381535 | DH2: 97868863 | DI2: 1.0410751e+08 | DJ2: 1.0395445e+08 | DK2: 1.0663399e+08 | DL2: 91634316 | DM2: 96546017 | DN2: 92679829 | DO2: 90502316 | DP2: 94335322 | DQ2: 91115242 | DR2: 89242967
A3: Abierto Plazo 180 | T3: 3167297.4 | U3: 5256053.9 | V3: 5945710.5 | W3: 6954030.1 | X3: 7889130 | Y3: 8651049.4 | Z3: 9146229.1 | AA3: 9198736.2 | AB3: 11820281 | AC3: 12495109 | AD3: 12545502 | AE3: 13061746 | AF3: 13615623 | AG3: 14255474 | AH3: 12865275 | AI3: 13501149 | AJ3: 13995688 | AK3: 15689450 | AL3: 18976681 | AM3: 19987181 | AN3: 20023908 | AO3: 20907019 | AP3: 22217974 | AQ3: 19882512 | AR3: 16678280 | AS3: 16291801 | AT3: 15805924 | AU3: 16223192 | AV3: 15468879 | AW3: 14613587 | AX3: 15416911 | AY3: 15735997 | AZ3: 15953823 | BA3: 16201139 | BB3: 16775902 | BC3: 16787373 | BD3: 17148584 | BE3: 16489426 | BF3: 16795250 | BG3: 16494809 | BH3: 16302193 | BI3: 16898344 | BJ3: 16020065 | BK3: 18035691 | BL3: 18217918 | BM3: 18309171 | BN3: 19402555 | BO3: 19551961 | BP3: 19747049 | BQ3: 18183460 | BR3: 19346621 | BS3: 19012361 | BT3: 19028664 | BU3: 19531291 | BV3: 19639308 | BW3: 20219983 | BX3: 18755630 | BY3: 17808332 | BZ3: 16628616 | CA3: 17282327 | CB3: 17254140 | CC3: 17136854 | CD3: 17245133 | CE3: 17354221 | CF3: 18169384 | CG3: 17941979 | CH3: 19041455 | CI3: 18657370 | CJ3: 18490807 | CK3: 18142959 | CL3: 18367692 | CM3: 17717824 | CN3: 18138257 | CO3: 18108450 | CP3: 17829091 | CQ3: 17611095 | CR3: 17824916 | CS3: 18451476 | CT3: 18879760 | CU3: 18909543 | CV3: 19233518 | CW3: 19437541 | CX3: 19399904 | CY3: 19281033 | CZ3: 19267486 | DA3: 20118716 | DB3: 21003312 | DC3: 24011337 | DD3: 25553330 | DE3: 25924097 | DF3: 26859877 | DG3: 29630066 | DH3: 30181849 | DI3: 34954318 | DJ3: 37779896 | DK3: 43317365 | DL3: 43055217 | DM3: 44092719 | DN3: 45570001 | DO3: 44143719 | DP3: 42241084 | DQ3: 39536722 | DR3: 39306328
A10: Fondo | B10: 2016 | C10: 2017 | D10: 2018 | E10: 2019 | F10: 2020 | G10: 2021 | H10: 2022 | I10: 2023 | J10: 2024 | K10: 2025 | L10: 2026
A11: Abierto Rentable Corto Plazo | B11: 9645224.5 | C11: 30081980 | D11: 37001938 | E11: 44706794 | F11: 80052538 | G11: 64192672 | H11: 52775441 | I11: 50417773 | J11: 53614648 | K11: 97868863 | L11: 89242967
A12: Abierto Plazo 180 | D12: 11820281 | E12: 20023908 | F12: 15953823 | G12: 18217918 | H12: 18755630 | I12: 18490807 | J12: 19233518 | K12: 30181849 | L12: 39306328
A19: Fondo | B19: oct-2016 | C19: nov-2016 | D19: dic-2016 | E19: ene-2017 | F19: feb-2017 | G19: mar-2017 | H19: abr-2017 | I19: may-2017 | J19: jun-2017 | K19: jul-2017 | L19: ago-2017 | M19: sep-2017 | N19: oct-2017 | O19: nov-2017 | P19: dic-2017 | Q19: ene-2018 | R19: feb-2018 | S19: mar-2018 | T19: abr-2018 | U19: may-2018 | V19: jun-2018 | W19: jul-2018 | X19: ago-2018 | Y19: sep-2018 | Z19: oct-2018 | AA19: nov-2018 | AB19: dic-2018 | AC19: ene-2019 | AD19: feb-2019 | AE19: mar-2019 | AF19: abr-2019 | AG19: may-2019 | AH19: jun-2019 | AI19: jul-2019 | AJ19: ago-2019 | AK19: sep-2019 | AL19: oct-2019 | AM19: nov-2019 | AN19: dic-2019 | AO19: ene-2020 | AP19: feb-2020 | AQ19: mar-2020 | AR19: abr-2020 | AS19: may-2020 | AT19: jun-2020 | AU19: jul-2020 | AV19: ago-2020 | AW19: sep-2020 | AX19: oct-2020 | AY19: nov-2020 | AZ19: dic-2020 | BA19: ene-2021 | BB19: feb-2021 | BC19: mar-2021 | BD19: abr-2021 | BE19: may-2021 | BF19: jun-2021 | BG19: jul-2021 | BH19: ago-2021 | BI19: sep-2021 | BJ19: oct-2021 | BK19: nov-2021 | BL19: dic-2021 | BM19: ene-2022 | BN19: feb-2022 | BO19: mar-2022 | BP19: abr-2022 | BQ19: may-2022 | BR19: jun-2022 | BS19: jul-2022 | BT19: ago-2022 | BU19: sep-2022 | BV19: oct-2022 | BW19: nov-2022 | BX19: dic-2022 | BY19: ene-2023 | BZ19: feb-2023 | CA19: mar-2023 | CB19: abr-2023 | CC19: may-2023 | CD19: jun-2023 | CE19: jul-2023 | CF19: ago-2023 | CG19: sep-2023 | CH19: oct-2023 | CI19: nov-2023 | CJ19: dic-2023 | CK19: ene-2024 | CL19: feb-2024 | CM19: mar-2024 | CN19: abr-2024 | CO19: may-2024 | CP19: jun-2024 | CQ19: jul-2024 | CR19: ago-2024 | CS19: sep-2024 | CT19: oct-2024 | CU19: nov-2024 | CV19: dic-2024 | CW19: ene-2025 | CX19: feb-2025 | CY19: mar-2025 | CZ19: abr-2025 | DA19: may-2025 | DB19: jun-2025 | DC19: jul-2025 | DD19: ago-2025 | DE19: sep-2025 | DF19: oct-2025 | DG19: nov-2025 | DH19: dic-2025 | DI19: ene-2026 | DJ19: feb-2026 | DK19: mar-2026 | DL19: abr-2026 | DM19: may-2026 | DN19: jun-2026 | DO19: jul-2026 | DP19: ago-2026 | DQ19: sep-2026 | DR19: oct-2026*
A20: Abierto Rentable Corto Plazo | B20: 0.001846 | C20: 0.00287 | D20: 0.002953 | E20: 0.0029 | F20: 0.002591 | G20: 0.002744 | H20: 0.002651 | I20: 0.002826 | J20: 0.00277 | K20: 0.002932 | L20: 0.002862 | M20: 0.002742 | N20: 0.002949 | O20: 0.002803 | P20: 0.002897 | Q20: 0.002831 | R20: 0.002585 | S20: 0.002902 | T20: 0.002825 | U20: 0.002874 | V20: 0.002777 | W20: 0.002809 | X20: 0.002801 | Y20: 0.00275 | Z20: 0.002901 | AA20: 0.002833 | AB20: 0.002927 | AC20: 0.002829 | AD20: 0.002473 | AE20: 0.002818 | AF20: 0.002815 | AG20: 0.002958 | AH20: 0.002786 | AI20: 0.00283 | AJ20: 0.002864 | AK20: 0.002674 | AL20: 0.002816 | AM20: 0.002662 | AN20: 0.002968 | AO20: 0.002709 | AP20: 0.002529 | AQ20: 0.00263 | AR20: 0.002784 | AS20: 0.002567 | AT20: 0.002439 | AU20: 0.002343 | AV20: 0.002556 | AW20: 0.002557 | AX20: 0.002684 | AY20: 0.002493 | AZ20: 0.002469 | BA20: 0.002375 | BB20: 0.002147 | BC20: 0.002463 | BD20: 0.002379 | BE20: 0.002493 | BF20: 0.002503 | BG20: 0.002457 | BH20: 0.002385 | BI20: 0.002468 | BJ20: 0.002541 | BK20: 0.002436 | BL20: 0.002499 | BM20: 0.002432 | BN20: 0.002203 | BO20: 0.002451 | BP20: 0.002369 | BQ20: 0.002552 | BR20: 0.002474 | BS20: 0.002571 | BT20: 0.002658 | BU20: 0.002633 | BV20: 0.00269 | BW20: 0.00259 | BX20: 0.002649 | BY20: 0.002657 | BZ20: 0.002405 | CA20: 0.002952 | CB20: 0.002912 | CC20: 0.003007 | CD20: 0.002881 | CE20: 0.003101 | CF20: 0.003358 | CG20: 0.003303 | CH20: 0.003454 | CI20: 0.00334 | CJ20: 0.003696 | CK20: 0.003512 | CL20: 0.003293 | CM20: 0.003522 | CN20: 0.003417 | CO20: 0.003606 | CP20: 0.003429 | CQ20: 0.003568 | CR20: 0.003649 | CS20: 0.003542 | CT20: 0.00372 | CU20: 0.0036 | CV20: 0.003668 | CW20: 0.003751 | CX20: 0.003385 | CY20: 0.003691 | CZ20: 0.003427 | DA20: 0.003658 | DB20: 0.003526 | DC20: 0.003636 | DD20: 0.003587 | DE20: 0.003521 | DF20: 0.003445 | DG20: 0.00336 | DH20: 0.00337 | DI20: 0.003393 | DJ20: 0.003044 | DK20: 0.003352 | DL20: 0.003222 | DM20: 0.003362 | DN20: 0.003284 | DO20: 0.003261 | DP20: 0.003476 | DQ20: 0.003456 | DR20: 0.001255
A21: Abierto Plazo 180 | T21: 0.002736 | U21: 0.004382 | V21: 0.004264 | W21: 0.004384 | X21: 0.004397 | Y21: 0.004243 | Z21: 0.00442 | AA21: 0.004308 | AB21: 0.004437 | AC21: 0.004423 | AD21: 0.00396 | AE21: 0.004439 | AF21: 0.004271 | AG21: 0.004431 | AH21: 0.004268 | AI21: 0.004423 | AJ21: 0.004436 | AK21: 0.004292 | AL21: 0.004393 | AM21: 0.004227 | AN21: 0.004582 | AO21: 0.004303 | AP21: 0.004195 | AQ21: 0.004293 | AR21: 0.004132 | AS21: 0.00433 | AT21: 0.004129 | AU21: 0.003594 | AV21: 0.004256 | AW21: 0.004201 | AX21: 0.004346 | AY21: 0.004098 | AZ21: 0.004207 | BA21: 0.00415 | BB21: 0.003816 | BC21: 0.004156 | BD21: 0.004 | BE21: 0.004247 | BF21: 0.004219 | BG21: 0.004054 | BH21: 0.004157 | BI21: 0.004023 | BJ21: 0.004347 | BK21: 0.004125 | BL21: 0.004256 | BM21: 0.004045 | BN21: 0.003629 | BO21: 0.004037 | BP21: 0.003925 | BQ21: 0.004052 | BR21: 0.003903 | BS21: 0.004103 | BT21: 0.004072 | BU21: 0.003931 | BV21: 0.004006 | BW21: 0.003858 | BX21: 0.003999 | BY21: 0.004009 | BZ21: 0.003816 | CA21: 0.004529 | CB21: 0.004474 | CC21: 0.004565 | CD21: 0.004372 | CE21: 0.004555 | CF21: 0.004896 | CG21: 0.004826 | CH21: 0.00497 | CI21: 0.004838 | CJ21: 0.005022 | CK21: 0.005077 | CL21: 0.004693 | CM21: 0.005091 | CN21: 0.004901 | CO21: 0.005206 | CP21: 0.005054 | CQ21: 0.005225 | CR21: 0.005239 | CS21: 0.005112 | CT21: 0.005415 | CU21: 0.005125 | CV21: 0.005182 | CW21: 0.005379 | CX21: 0.004853 | CY21: 0.005448 | CZ21: 0.005337 | DA21: 0.005408 | DB21: 0.005257 | DC21: 0.005292 | DD21: 0.00518 | DE21: 0.005313 | DF21: 0.005416 | DG21: 0.004998 | DH21: 0.0051 | DI21: 0.004976 | DJ21: 0.004337 | DK21: 0.004737 | DL21: 0.004648 | DM21: 0.00475 | DN21: 0.004541 | DO21: 0.004539 | DP21: 0.004429 | DQ21: 0.004436 | DR21: 0.001644
